minute,gold_diff,xp_diff,level_diff,kills_diff,dragons_diff,barons_diff,towers_diff,inhibs_diff,cs_diff,blue_team_won
0,0,0,0,0,0,0,0,0,0,1
1,0,0,0,0,0,0,0,0,0,1
2,92,187,0,0,0,0,0,0,2,1
3,228,31,-1,0,0,0,0,0,-1,1
4,353,329,0,0,0,0,0,0,4,1
5,198,699,1,-1,0,0,0,0,12,1
6,-749,-271,0,-3,0,0,0,0,-3,1
7,754,449,0,0,0,0,0,0,-6,1
8,1151,1035,1,2,0,0,0,0,-15,1
9,1681,1926,1,3,0,0,0,0,-5,1
10,1713,1305,0,3,-1,0,0,0,-11,1
11,3058,2806,3,5,-1,0,0,0,3,1
12,4851,4638,4,7,-1,0,0,0,17,1
13,5233,4782,3,8,-1,0,0,0,17,1
14,6107,5116,5,8,-1,0,1,0,30,1
15,5667,3827,4,9,-1,0,1,0,6,1
16,6376,5497,3,10,-1,0,1,0,21,1
17,6732,6578,5,11,-2,0,3,0,36,1
18,6104,4824,3,10,-2,0,3,0,28,1
19,4159,3545,3,8,-2,0,2,0,16,1
20,2376,1876,1,7,-2,0,1,0,20,1
21,3943,3970,2,9,-2,0,1,0,33,1
22,3981,6471,5,8,-2,0,1,0,45,1
23,3284,4397,3,6,-3,0,2,0,33,1
24,2562,2573,0,5,-3,0,2,0,17,1
25,3977,4808,4,8,-3,0,1,0,14,1
26,6446,10808,8,9,-3,1,1,0,33,1
27,9502,13287,8,13,-3,1,3,1,36,1
28,10290,14171,9,14,-3,1,4,1,37,1
0,0,0,0,0,0,0,0,0,0,0
1,0,0,0,0,0,0,0,0,0,0
2,17,-37,0,0,0,0,0,0,3,0
3,166,90,0,0,0,0,0,0,10,0
4,220,400,1,1,0,0,0,0,4,0
5,597,306,2,2,0,0,0,0,1,0
6,369,131,1,2,0,0,0,0,-5,0
7,121,-514,-2,2,1,0,0,0,-5,0
8,29,-382,0,2,1,0,0,0,-5,0
9,-350,-916,-1,1,1,0,0,0,-10,0
10,-710,-734,-1,0,1,0,0,0,-5,0
11,-711,-1158,0,1,1,0,0,0,-13,0
12,-378,-1559,-3,0,1,0,1,0,-22,0
13,1635,1069,1,4,2,0,1,0,-15,0
14,1887,1275,0,4,2,0,1,0,-12,0
15,1714,1276,2,4,2,0,1,0,-7,0
16,729,528,0,2,2,0,1,0,-5,0
17,-368,-1157,0,1,2,0,0,0,-10,0
18,-1687,-2959,-4,0,1,0,-1,0,-24,0
19,-1041,-2095,-1,1,1,0,-1,0,-21,0
20,1158,-157,1,4,1,0,0,0,-25,0
21,845,-1255,0,4,1,0,0,0,-38,0
22,-1180,-6731,-5,1,1,0,0,0,-43,0
23,-1253,-6277,-3,1,1,0,0,0,-43,0
24,-189,-5226,-5,2,1,0,0,0,-36,0
25,-2291,-8087,-5,-1,2,0,0,0,-44,0
26,-2259,-7968,-5,-2,2,0,0,0,-28,0
27,-1995,-5965,-2,-5,2,1,0,0,-21,0
28,-3416,-6403,-5,-6,2,1,-3,-1,-14,0
29,-3436,-6166,-3,-6,2,1,-3,-1,-15,0
30,-4917,-9659,-5,-9,2,1,-5,-1,-29,0
0,0,0,0,0,0,0,0,0,0,0
1,0,0,0,0,0,0,0,0,0,0
2,45,178,1,0,0,0,0,0,1,0
3,-152,-1,0,0,0,0,0,0,-7,0
4,690,-680,-1,2,0,0,0,0,-24,0
5,583,-970,-1,2,0,0,0,0,-26,0
6,541,-362,0,1,0,0,0,0,-11,0
7,-906,-1370,-2,-2,-1,0,0,0,-17,0
8,-709,-1828,-1,-1,-1,0,0,0,-35,0
9,123,-1563,-3,0,-1,0,0,0,-36,0
10,-107,-1417,-4,-1,-1,0,0,0,-19,0
11,63,-1067,-1,-1,-1,0,0,0,-16,0
12,-935,-2488,-4,-2,-1,0,0,0,-33,0
13,-600,-1625,0,-1,-2,0,0,0,-30,0
14,-1363,-3042,-3,-2,-2,0,0,0,-50,0
15,-3826,-4844,-5,-6,-2,0,-1,0,-58,0
16,-4304,-3903,-3,-6,-2,0,-3,0,-58,0
17,-5914,-6475,-6,-10,-2,0,-3,0,-77,0
18,-5867,-8041,-6,-11,-2,0,-2,0,-89,0
19,-7550,-10271,-8,-13,-3,0,-3,0,-108,0
20,-5798,-8588,-5,-11,-3,0,-3,0,-111,0
21,-7058,-11761,-9,-14,-3,0,-3,0,-111,0
22,-7285,-15231,-10,-15,-3,0,-3,0,-113,0
23,-6842,-15987,-11,-16,-3,0,-2,0,-109,0
24,-8802,-17616,-10,-19,-3,0,-3,0,-112,0
25,-8145,-16755,-11,-20,-4,0,-4,-1,-124,0
26,-6451,-14195,-9,-19,-4,0,-4,-1,-100,0
27,-9209,-17899,-13,-23,-4,0,-6,-1,-117,0
0,0,0,0,0,0,0,0,0,0,0
1,0,0,0,0,0,0,0,0,0,0
2,-16,-174,0,0,0,0,0,0,-3,0
3,-510,-379,0,-1,0,0,0,0,-9,0
4,47,323,0,0,0,0,0,0,-6,0
5,-87,252,3,0,0,0,0,0,-15,0
6,401,469,0,1,0,0,0,0,-12,0
7,-420,-463,0,0,1,0,0,0,-32,0
8,-7,-124,2,1,1,0,0,0,-23,0
9,-272,98,0,0,1,0,0,0,-11,0
10,669,-300,0,2,1,0,0,0,-14,0
11,1431,1024,2,3,1,0,0,0,5,0
12,1732,831,1,4,0,0,0,0,-6,0
13,1188,718,1,4,0,0,0,0,-11,0
14,65,-428,0,2,0,0,0,0,-15,0
15,-821,-920,0,0,0,0,0,0,-10,0
16,-1781,-2554,-2,-1,0,0,0,0,-20,0
17,663,118,1,2,0,0,0,0,3,0
18,-400,-1409,-1,1,-1,0,-1,0,-12,0
19,-259,-1452,-2,0,-1,0,-1,0,9,0
20,-2102,-3566,-3,-2,-1,0,-2,0,-9,0
21,-2226,-3609,-4,-2,-1,0,-2,0,-10,0
22,-4357,-8434,-6,-6,-1,0,-2,0,-8,0
23,-5733,-9826,-7,-7,-1,0,-3,0,-25,0
24,-5734,-9987,-5,-7,-2,0,-3,0,-29,0
25,-8719,-13595,-10,-11,-2,0,-4,0,-46,0
26,-9907,-16256,-9,-11,-2,-1,-4,0,-41,0
27,-15115,-22321,-13,-17,-2,-1,-8,-1,-79,0
28,-15116,-22321,-13,-17,-2,-1,-8,-1,-79,0
0,0,0,0,0,0,0,0,0,0,1
1,-25,0,0,0,0,0,0,0,-1,1
2,-40,4,0,0,0,0,0,0,-3,1
3,-303,-509,-1,0,0,0,0,0,-18,1
4,-431,-185,0,-1,0,0,0,0,-9,1
5,-338,-323,0,-1,0,0,0,0,-13,1
6,-1071,-860,-1,-2,0,0,0,0,-24,1
7,-1774,-971,-2,-3,0,0,0,0,-23,1
8,-2990,-1223,-2,-5,1,0,0,0,-22,1
9,-3801,-1536,-1,-6,1,0,0,0,-30,1
10,-3980,-1555,-1,-6,1,0,0,0,-34,1
11,-5911,-2815,-3,-9,1,0,0,0,-58,1
12,-6062,-2725,-3,-9,1,0,0,0,-64,1
13,-5968,-2727,-3,-9,1,0,0,0,-74,1
14,-7617,-3472,-4,-11,1,0,-1,0,-85,1
15,-9197,-5005,-5,-12,1,0,-3,0,-131,1
16,-9791,-5385,-5,-14,0,0,-3,0,-117,1
17,-10221,-4628,-4,-14,0,0,-4,0,-117,1
18,-11195,-4741,-2,-14,0,0,-5,0,-116,1
19,-11900,-3753,-3,-15,0,0,-6,-1,-111,1
20,-12802,-4918,-4,-16,0,0,-7,-1,-113,1
21,-12914,-7185,-3,-17,0,0,-7,-1,-102,1
22,-12844,-5549,-4,-17,0,0,-8,-2,-88,1
23,-13104,-4570,-2,-17,-1,0,-8,-2,-98,1
24,-11297,-1417,-1,-15,-1,0,-9,-2,-84,1
25,-7452,2211,1,-12,-1,0,-9,-2,-60,1
26,-8491,1088,3,-14,-1,0,-9,-2,-60,1
27,-9635,-2467,-1,-14,-1,-1,-9,-2,-58,1
28,-10829,-4366,-3,-14,-1,-1,-9,-5,-78,1
29,-10354,-2798,-1,-14,-1,-1,-10,-5,-59,1
30,-9364,-1236,0,-14,-2,-1,-10,-5,-51,1
31,-7911,1205,1,-14,-2,-1,-10,-5,-17,1
32,-7303,2212,3,-14,-2,-1,-10,-5,-10,1
33,-7491,437,-1,-14,-2,-2,-10,-5,15,1
34,-5011,4174,2,-11,-2,-2,-10,-5,22,1
35,-3670,3335,1,-12,-2,-2,-6,-4,31,1
0,0,0,0,0,0,0,0,0,0,0
1,0,0,0,0,0,0,0,0,0,0
2,-52,-88,0,0,0,0,0,0,-2,0
3,-488,-401,-2,-1,0,0,0,0,-7,0
4,-661,-270,-1,-2,0,0,0,0,2,0
5,-725,-811,-1,-2,0,0,0,0,-7,0
6,-671,-963,-1,-2,0,0,0,0,-2,0
7,-500,-1123,-1,-1,0,0,0,0,-8,0
8,-499,-1473,-2,-1,0,0,0,0,-9,0
9,-279,-1136,-1,-1,0,0,0,0,-3,0
10,-179,-993,-1,-1,0,0,0,0,7,0
11,-225,-652,0,-1,0,0,0,0,12,0
12,-628,-1686,-2,-2,-1,0,0,0,9,0
13,-1144,-2318,-1,-2,-1,0,0,0,-10,0
14,-669,-1987,-3,-2,-1,0,0,0,-3,0
15,-505,-2402,-2,-3,-1,0,1,0,1,0
16,-235,-2700,-2,-3,-1,0,1,0,-6,0
17,129,-2083,-2,-3,-2,0,1,0,5,0
18,74,-2217,-2,-3,-2,0,1,0,4,0
19,-232,-2501,-1,-4,-2,0,1,0,3,0
20,-918,-3612,-3,-5,-2,0,1,0,-13,0
21,-2563,-4837,-3,-6,-2,0,0,0,-36,0
22,-1540,-1346,-1,-5,-3,0,0,0,-37,0
23,-4018,-4176,-4,-8,-3,0,-1,0,-53,0
24,-4859,-5273,-2,-10,-3,0,-1,0,-45,0
25,-5703,-7006,-5,-11,-3,0,-1,0,-61,0
26,-5197,-4260,-3,-9,-3,0,-3,0,-42,0
27,-6562,-6540,-3,-12,-4,0,-3,0,-44,0
28,-8667,-11707,-8,-13,-4,-1,-3,0,-55,0
29,-10855,-15606,-9,-17,-4,-1,-3,-1,-74,0
30,-12311,-16970,-11,-18,-4,-1,-5,-1,-91,0
0,0,0,0,0,0,0,0,0,0,1
1,0,0,0,0,0,0,0,0,0,1
2,284,62,0,1,0,0,0,0,-1,1
3,283,-9,0,1,0,0,0,0,-4,1
4,662,212,0,2,0,0,0,0,-10,1
5,709,165,1,2,0,0,0,0,-10,1
6,556,-460,0,2,0,0,0,0,-20,1
7,1387,344,1,3,0,0,0,0,-5,1
8,687,-144,0,2,0,0,0,0,-15,1
9,1320,562,1,2,-1,0,0,0,4,1
10,984,492,1,1,-1,0,0,0,13,1
11,1893,1130,2,2,-1,0,0,0,21,1
12,1805,514,1,3,-1,0,0,0,6,1
13,2046,507,-1,3,-1,0,0,0,8,1
14,3247,984,1,4,-1,0,1,0,10,1
15,4318,2078,1,5,-2,0,2,0,22,1
16,6839,3349,2,9,-2,0,3,0,21,1
17,7637,4167,4,11,-2,0,3,0,25,1
18,8030,3359,4,11,-2,0,4,0,20,1
19,7456,3847,2,11,-2,0,4,0,29,1
20,7412,3939,1,10,-2,0,4,0,44,1
21,7773,2774,1,11,-1,0,5,0,48,1
22,8919,2480,1,12,-1,0,6,0,37,1
23,10324,7521,6,14,-1,0,6,0,49,1
24,10850,8854,7,16,-1,0,6,0,49,1
25,10454,8313,4,16,-1,0,7,0,48,1
26,11954,10305,6,19,-1,0,7,0,46,1
27,12187,10817,9,20,0,0,7,1,45,1
28,13256,13383,8,20,0,1,7,1,33,1
29,14344,13800,8,21,0,1,9,2,39,1
30,16598,17469,10,24,0,1,10,2,48,1
0,0,0,0,0,0,0,0,0,0,0
1,462,25,0,1,0,0,0,0,0,0
2,585,425,0,1,0,0,0,0,5,0
3,555,221,0,1,0,0,0,0,2,0
4,394,-87,0,0,0,0,0,0,10,0
5,1035,975,3,1,0,0,0,0,27,0
6,891,264,-1,1,0,0,0,0,20,0
7,1854,1005,1,2,0,0,0,0,29,0
8,1389,969,2,2,0,0,0,0,26,0
9,1948,1689,1,3,0,0,0,0,33,0
10,1477,1788,2,3,0,0,0,0,42,0
11,1209,1336,1,2,0,0,0,0,49,0
12,969,683,1,2,0,0,0,0,49,0
13,1294,1026,0,5,0,0,0,0,32,0
14,2703,2409,3,6,0,0,1,0,49,0
15,3649,3694,3,7,0,0,2,0,54,0
16,1692,1839,2,5,0,0,2,0,47,0
17,859,157,1,5,0,0,1,0,43,0
18,1754,906,1,5,-1,0,2,0,53,0
19,2401,74,0,4,-1,0,4,0,56,0
20,1559,-1742,0,4,-1,0,3,0,28,0
21,-32,-3251,-1,2,-1,0,2,0,22,0
22,-2342,-10206,-6,-3,-1,0,2,0,19,0
23,-2675,-10540,-7,-3,-1,0,2,0,10,0
24,-3693,-10889,-7,-4,-2,0,1,0,10,0
25,-4620,-11518,-8,-4,-2,0,0,-1,-2,0
26,-6425,-14874,-9,-8,-2,0,0,-1,-23,0
0,0,0,0,0,0,0,0,0,0,1
1,0,0,0,0,0,0,0,0,0,1
2,81,114,0,0,0,0,0,0,5,1
3,747,543,1,1,0,0,0,0,16,1
4,-133,192,1,-1,0,0,0,0,12,1
5,-121,1055,3,-2,0,0,0,0,29,1
6,-362,628,0,-2,0,0,0,0,13,1
7,-1144,520,0,-4,0,0,0,0,17,1
8,-1675,-270,-1,-5,0,0,0,0,6,1
9,-857,-73,1,-4,0,0,0,0,6,1
10,-722,584,0,-5,0,0,0,0,13,1
11,-1771,-1081,0,-7,0,0,0,0,-2,1
12,-744,-125,-1,-5,0,0,0,0,-1,1
13,-216,226,0,-5,0,0,1,0,-2,1
14,-841,-1315,-2,-8,0,0,2,0,-11,1
15,-334,-847,0,-7,0,0,2,0,-16,1
16,-234,-339,-1,-7,0,0,2,0,-14,1
17,377,85,1,-7,0,0,3,0,-5,1
18,1806,1252,3,-5,1,0,3,0,-2,1
19,-554,-756,-1,-7,1,0,2,0,-23,1
20,1359,1790,2,-4,1,0,2,0,-26,1
21,831,4318,4,-5,1,0,2,0,-33,1
22,4519,7897,5,-1,1,0,3,0,-10,1
23,4252,9076,7,1,1,0,1,0,-15,1
24,4386,7483,5,1,1,0,2,0,-42,1
25,6000,10396,8,4,2,0,2,0,-23,1
26,4230,9433,7,3,2,0,2,0,-16,1
27,6129,13263,6,5,2,1,2,0,-26,1
28,6368,12988,8,6,2,1,2,0,-39,1
29,6703,14048,8,8,2,1,2,0,-27,1
30,7113,13861,9,8,2,1,3,1,-25,1
31,8010,15722,8,10,3,1,5,1,-14,1
32,9124,17696,9,12,3,1,5,1,-15,1
0,0,0,0,0,0,0,0,0,0,1
1,0,0,0,0,0,0,0,0,0,1
2,-4,-172,0,0,0,0,0,0,-1,1
3,567,465,1,1,0,0,0,0,16,1
4,1162,361,1,2,0,0,0,0,10,1
5,1090,262,0,2,0,0,0,0,4,1
6,2222,533,1,3,0,0,0,0,21,1
7,2223,-236,-1,4,0,0,0,0,7,1
8,1703,141,0,2,0,0,0,0,27,1
9,1101,-369,0,2,0,0,0,0,10,1
10,2823,514,1,5,0,0,0,0,21,1
11,3497,1673,0,6,0,0,0,0,35,1
12,5165,3770,5,9,0,0,0,0,55,1
13,6567,4224,4,11,0,0,1,0,68,1
14,7248,5171,4,12,0,0,1,0,78,1
15,9908,8709,7,16,0,0,2,0,118,1
16,8907,7959,8,15,0,0,4,0,131,1
17,7910,6895,6,15,-1,0,4,0,126,1
18,10169,8350,6,15,-1,0,7,0,149,1
19,9891,8016,6,16,-1,0,7,1,146,1
20,9386,7413,5,17,-1,0,7,1,129,1
21,9922,7920,6,19,-1,0,7,1,132,1
22,10985,11139,8,19,0,0,8,1,139,1
23,10634,10880,8,18,0,0,8,1,149,1
24,9983,9945,6,17,0,0,8,1,152,1
25,11141,11396,6,19,0,0,8,1,162,1
26,12630,14893,9,19,0,1,8,1,157,1
27,8033,7947,4,15,-1,1,9,1,115,1
28,7763,7474,3,15,-1,1,9,2,100,1
29,9077,8162,6,16,-1,1,11,3,105,1
0,0,0,0,0,0,0,0,0,0,0
1,0,0,0,0,0,0,0,0,0,0
2,-49,-19,0,0,0,0,0,0,-3,0
3,-569,-434,0,-1,0,0,0,0,-9,0
4,-1359,-670,-1,-3,0,0,0,0,-7,0
5,-2470,-1492,-2,-6,0,0,0,0,-19,0
6,-2197,-1290,-1,-6,0,0,0,0,-12,0
7,-2180,-1097,0,-6,1,0,0,0,-12,0
8,-3017,-1662,-3,-7,1,0,0,0,-20,0
9,-2559,-1519,-2,-6,1,0,0,0,-34,0
10,-2521,-893,0,-6,1,0,0,0,-22,0
11,-2482,-1088,-2,-6,1,0,0,0,-25,0
12,-3202,-1637,-1,-7,1,0,-1,0,-26,0
13,-3166,-1660,-3,-7,1,0,-1,0,-25,0
14,-2088,-1465,0,-6,0,0,-1,0,-26,0
15,-2559,-1804,-2,-6,0,0,-1,0,-45,0
16,-1106,-218,-2,-4,0,0,-2,0,-36,0
17,-367,-88,1,-3,0,0,-1,0,-54,0
18,325,296,0,-2,0,0,-1,0,-62,0
19,443,-98,-1,-2,-1,0,-1,0,-63,0
20,767,-124,0,-2,-1,0,-1,0,-62,0
21,-333,-1543,-1,-3,-1,0,-2,0,-65,0
22,-884,-5222,-3,-4,-1,0,-2,0,-52,0
23,-3273,-7884,-7,-7,-1,0,-3,0,-63,0
24,-4117,-8611,-6,-8,-1,0,-3,0,-77,0
25,-6175,-11772,-7,-10,-2,0,-4,-1,-104,0
26,-10223,-17961,-11,-14,-2,-1,-5,-1,-105,0
27,-13410,-20357,-14,-16,-2,-1,-9,-2,-131,0
28,-10976,-18121,-11,-14,-2,-1,-9,-2,-131,0
0,0,0,0,0,0,0,0,0,0,1
1,-300,-2,0,-1,0,0,0,0,0,1
2,-403,-209,0,-1,0,0,0,0,-5,1
3,-448,-40,0,-1,0,0,0,0,-10,1
4,-93,181,0,0,0,0,0,0,-17,1
5,-1099,-629,-3,-2,0,0,0,0,-22,1
6,-1378,-305,0,-3,0,0,0,0,-15,1
7,-1170,-257,-2,-3,0,0,0,0,-6,1
8,-503,-199,-1,-2,0,0,0,0,-8,1
9,433,370,1,0,0,0,0,0,-4,1
10,-162,-781,-1,-2,0,0,0,0,-8,1
11,136,-630,0,-2,0,0,0,0,-5,1
12,160,-417,0,-3,0,0,0,0,4,1
13,229,-315,0,-3,0,0,0,0,-1,1
14,421,43,0,-3,0,0,0,0,3,1
15,1206,1516,0,-2,0,0,0,0,22,1
16,1386,1400,1,-2,0,0,0,0,19,1
17,2040,2151,1,-1,0,0,0,0,29,1
18,3563,2528,1,1,0,0,1,0,27,1
19,4243,3323,2,1,1,0,2,0,36,1
20,5180,4462,4,3,1,0,2,0,35,1
21,5849,4729,2,3,1,0,3,0,31,1
22,7528,5876,3,4,1,0,4,0,42,1
23,6100,4741,3,4,1,0,3,0,23,1
24,7172,8889,6,5,1,0,3,0,37,1
25,5012,6633,4,4,0,0,4,0,14,1
26,4865,6039,3,4,0,0,4,0,11,1
27,6120,8615,7,7,0,0,4,0,17,1
28,8323,10955,8,9,0,0,7,1,29,1
29,9156,11893,8,10,0,0,6,1,34,1
0,0,0,0,0,0,0,0,0,0,0
1,0,0,0,0,0,0,0,0,0,0
2,-113,-298,0,0,0,0,0,0,-7,0
3,102,66,0,0,0,0,0,0,2,0
4,681,400,1,1,0,0,0,0,3,0
5,753,149,0,1,0,0,0,0,-8,0
6,793,107,0,1,0,0,0,0,-5,0
7,1490,36,0,3,0,0,0,0,-12,0
8,1359,-348,0,3,0,0,0,0,-20,0
9,1530,-136,0,3,0,0,0,0,-14,0
10,1396,92,-1,3,0,0,0,0,-9,0
11,880,-16,1,2,0,0,0,0,-5,0
12,1436,183,1,3,1,0,0,0,-8,0
13,1198,236,0,3,1,0,0,0,-9,0
14,196,-108,0,2,1,0,-1,0,-13,0
15,1981,1631,1,5,1,0,-1,0,-13,0
16,2299,660,1,5,1,0,0,0,-25,0
17,3142,1231,1,6,1,0,0,0,-10,0
18,2730,470,1,6,2,0,0,0,-19,0
19,1124,-1153,1,4,2,0,0,0,-27,0
20,1069,-277,-2,4,2,0,0,0,-26,0
21,282,-442,-1,4,2,0,-1,0,-35,0
22,-3298,-7325,-6,0,2,0,-2,0,-56,0
23,-5171,-9901,-5,-3,2,0,-2,0,-70,0
24,-5567,-9733,-6,-3,1,0,-3,0,-66,0
25,-693,-5347,-3,1,1,0,-2,0,-47,0
26,172,-2967,-2,0,1,1,-2,0,-57,0
27,242,-1854,0,1,1,1,-3,0,-49,0
28,1890,-192,1,3,1,1,-2,1,-41,0
29,2563,521,-1,5,0,1,-2,1,-47,0
30,2624,394,0,5,0,1,-2,1,-52,0
31,3138,1104,1,5,0,1,-2,1,-40,0
32,-492,-3435,0,1,0,1,-6,0,-54,0
0,0,0,0,0,0,0,0,0,0,1
1,480,24,0,1,0,0,0,0,1,1
2,469,6,0,1,0,0,0,0,-1,1
3,664,316,0,2,0,0,0,0,-6,1
4,-195,17,1,1,0,0,0,0,-15,1
5,-1298,-109,1,-1,0,0,0,0,-21,1
6,-2019,-223,-2,-3,0,0,0,0,-22,1
7,-912,727,0,-1,0,0,0,0,-9,1
8,-1051,370,1,-1,-1,0,0,0,-16,1
9,-790,145,0,-1,-1,0,0,0,-26,1
10,107,422,1,1,-1,0,0,0,-28,1
11,2221,1912,3,5,-1,0,0,0,-16,1
12,697,841,1,3,-1,0,0,0,-25,1
13,843,1661,1,3,-2,0,0,0,-17,1
14,646,1883,1,3,-2,0,0,0,-21,1
15,1560,1878,-1,4,-2,0,1,0,-20,1
16,1877,1601,1,5,-2,0,1,0,-32,1
17,1699,2048,1,4,-2,0,1,0,-2,1
18,1417,2147,2,6,-2,0,-1,0,-20,1
19,1968,3476,3,7,-1,0,-1,0,-16,1
20,3693,3074,2,9,-1,0,0,0,-15,1
21,4841,4820,4,12,-1,0,0,0,-11,1
22,4347,3884,2,12,-1,0,0,0,-15,1
23,7230,10310,7,16,-1,0,0,0,16,1
24,7259,9822,6,16,-1,0,0,0,15,1
25,6200,9729,6,16,0,0,0,0,40,1
26,6810,10868,6,17,0,0,0,0,43,1
27,8294,12496,7,15,0,1,2,0,49,1
28,9760,13822,8,19,0,1,4,1,39,1
29,9761,13822,8,19,0,1,4,1,39,1
0,0,0,0,0,0,0,0,0,0,0
1,0,0,0,0,0,0,0,0,0,0
2,-11,-110,0,0,0,0,0,0,-2,0
3,607,507,1,1,0,0,0,0,9,0
4,417,-207,0,1,0,0,0,0,-1,0
5,424,516,-1,1,0,0,0,0,4,0
6,705,691,1,2,0,0,0,0,5,0
7,121,335,0,1,0,0,0,0,3,0
8,760,764,1,2,0,0,0,0,4,0
9,117,307,0,1,0,0,0,0,-9,0
10,-308,99,1,0,0,0,0,0,-14,0
11,-2243,-1262,-1,-3,0,0,0,0,-26,0
12,-2608,-1280,-3,-4,-1,0,0,0,-21,0
13,-2037,-766,0,-3,-1,0,0,0,-10,0
14,-3112,-1233,-1,-5,-1,0,0,0,-16,0
15,-3605,-1640,-1,-5,-1,0,-1,0,-17,0
16,-4003,-2009,-3,-5,-1,0,-1,0,-31,0
17,-3682,-2342,-1,-5,0,0,-2,0,-40,0
18,-4376,-2873,-3,-7,0,0,-2,0,-34,0
19,-4004,-2969,-2,-6,0,0,-2,0,-45,0
20,-3763,-2114,-2,-5,0,0,-3,0,-35,0
21,-3791,-2116,-2,-6,0,0,-3,0,-33,0
22,-4717,-3326,-2,-7,0,0,-3,0,-45,0
23,-5651,-4094,-2,-7,-1,0,-4,0,-46,0
24,-6752,-5403,-4,-10,-1,0,-4,0,-35,0
25,-7040,-7979,-6,-10,-1,0,-4,0,-33,0
26,-7736,-9606,-5,-12,-1,0,-4,0,-35,0
27,-10501,-14372,-10,-13,-1,-1,-5,0,-40,0
28,-10751,-14291,-8,-13,-1,-1,-5,0,-52,0
29,-13776,-17177,-10,-16,-1,-1,-8,-1,-59,0
0,0,0,0,0,0,0,0,0,0,1
1,0,0,0,0,0,0,0,0,0,1
2,-171,-393,-1,0,0,0,0,0,-10,1
3,-283,-269,0,0,0,0,0,0,-19,1
4,-315,115,-1,0,0,0,0,0,-16,1
5,-1272,-659,-1,-1,0,0,0,0,-38,1
6,-1621,-353,-1,-2,0,0,0,0,-34,1
7,-965,-214,-1,-1,0,0,0,0,-36,1
8,-1596,-1308,-2,-1,0,0,0,0,-56,1
9,-1041,678,2,-1,0,0,0,0,-26,1
10,-920,640,1,0,0,0,0,0,-32,1
11,-707,1104,2,0,0,0,0,0,-27,1
12,-1085,435,1,0,-1,0,0,0,-33,1
13,-439,129,2,1,-1,0,0,0,-39,1
14,399,690,1,2,-1,0,0,0,-29,1
15,436,425,0,2,-1,0,0,0,-29,1
16,86,1007,1,2,-1,0,-2,0,-17,1
17,-54,-836,1,2,-2,0,-2,0,-31,1
18,-683,-757,0,1,-2,0,-2,0,-33,1
19,-586,-754,0,1,-2,0,-2,0,-31,1
20,-2555,-2977,-1,-1,-2,0,-3,0,-57,1
21,-2102,-1704,-3,1,-2,0,-4,0,-63,1
22,-1850,-1954,-2,1,-2,0,-4,0,-60,1
23,-1670,-1417,-2,1,-2,0,-4,0,-47,1
24,-1891,-2666,-2,1,-3,0,-4,0,-62,1
25,-373,-3643,-2,3,-3,0,-4,0,-59,1
26,1195,-457,0,4,-3,1,-4,0,-75,1
27,2175,2393,2,6,-3,1,-5,0,-60,1
28,3914,2282,2,6,-3,1,-2,0,-55,1
29,2009,-311,0,4,-3,1,-3,0,-61,1
30,4021,3274,0,8,-2,1,-3,0,-41,1
31,7088,6523,5,11,-2,1,-2,0,-13,1
32,8398,7031,3,12,-2,1,1,1,-5,1
0,0,0,0,0,0,0,0,0,0,1
1,0,0,0,0,0,0,0,0,0,1
2,-182,-300,-1,0,0,0,0,0,-7,1
3,-226,-322,0,0,0,0,0,0,-13,1
4,300,139,0,1,0,0,0,0,-12,1
5,97,401,0,1,0,0,0,0,-7,1
6,-45,-110,0,1,0,0,0,0,-15,1
7,-221,-681,-1,1,-1,0,0,0,-33,1
8,-184,539,0,0,-1,0,0,0,-18,1
9,261,598,1,1,-1,0,0,0,-13,1
10,349,1122,2,2,-1,0,0,0,-16,1
11,593,1495,2,3,-1,0,0,0,-14,1
12,655,1297,1,3,-1,0,0,0,-8,1
13,1433,2060,1,4,-2,0,0,0,6,1
14,2282,2430,2,6,-2,0,0,0,4,1
15,3040,3027,1,6,-2,0,1,0,25,1
16,2153,3200,2,6,-2,0,0,0,24,1
17,2563,1255,0,6,-2,0,1,0,16,1
18,3053,1308,1,7,-2,0,2,0,8,1
19,3200,1698,1,7,-2,0,2,0,12,1
20,5857,4931,4,11,-1,0,3,0,25,1
21,5846,4245,3,11,-1,0,3,0,29,1
22,3966,2628,3,10,-1,0,3,0,17,1
23,3918,2417,1,10,-1,0,3,0,18,1
24,4341,3560,2,11,-1,0,3,0,20,1
25,4891,988,0,12,-1,0,3,0,17,1
26,5389,2553,2,13,0,0,2,0,35,1
27,7804,4645,3,16,0,0,2,1,48,1
28,9772,8500,4,17,0,1,2,1,46,1
29,8923,6716,3,16,0,1,2,1,32,1
30,10093,7430,3,18,0,1,3,1,36,1
31,10477,7980,7,19,0,1,3,1,28,1
32,10421,7940,4,20,0,1,3,3,20,1
33,9265,5860,3,20,1,1,3,3,-19,1
34,10184,5668,4,21,1,1,4,3,-26,1
35,11217,8547,6,21,1,2,4,3,-37,1
36,13019,10987,6,24,1,2,4,3,-33,1
0,0,0,0,0,0,0,0,0,0,0
1,-5,0,0,0,0,0,0,0,0,0
2,-396,-83,-1,-1,0,0,0,0,-1,0
3,-1044,-543,0,-2,0,0,0,0,-6,0
4,-1494,-431,-1,-3,0,0,0,0,-3,0
5,-1567,-186,0,-3,0,0,0,0,-1,0
6,-1355,-795,-1,-2,0,0,0,0,-15,0
7,-1297,-1074,-2,-2,-1,0,0,0,-18,0
8,-2249,-1202,-3,-4,-1,0,0,0,-12,0
9,-1111,-17,0,-2,-1,0,0,0,8,0
10,303,352,1,1,-1,0,0,0,2,0
11,123,-134,-3,1,-1,0,0,0,-1,0
12,409,605,0,0,-1,0,1,0,13,0
13,-38,272,-1,1,-1,0,1,0,-10,0
14,-1357,395,1,1,0,0,-1,0,-9,0
15,-1657,-21,0,0,0,0,-1,0,-7,0
16,-4183,-2084,-1,-2,0,0,-2,0,-29,0
17,-5990,-2290,-1,-4,0,0,-4,0,-11,0
18,-7118,-3281,-4,-5,0,0,-4,0,-23,0
19,-6547,-4046,-1,-5,0,0,-4,0,-16,0
20,-7394,-6693,-4,-6,-1,0,-4,0,-59,0
21,-5296,-3741,-1,-4,-1,0,-5,0,-26,0
22,-6705,-6025,-3,-5,-1,0,-5,0,-46,0
23,-7607,-6847,-3,-6,-1,0,-5,0,-52,0
24,-8033,-9947,-7,-6,-1,0,-5,0,-68,0
25,-9483,-11270,-7,-9,-2,0,-5,0,-59,0
26,-12017,-16336,-8,-10,-2,-1,-5,0,-77,0
27,-14793,-19800,-11,-12,-2,-1,-8,-2,-93,0
0,0,0,0,0,0,0,0,0,0,0
1,0,0,0,0,0,0,0,0,0,0
2,51,186,0,0,0,0,0,0,6,0
3,-487,-245,0,-1,0,0,0,0,-2,0
4,-533,195,-1,-1,0,0,0,0,-2,0
5,-649,-633,0,-1,0,0,0,0,-8,0
6,193,-12,-1,1,0,0,0,0,-6,0
7,-279,-465,-1,0,-1,0,0,0,-18,0
8,-430,-1052,0,0,-1,0,0,0,-31,0
9,-355,-1612,0,0,-1,0,0,0,-42,0
10,-1242,-2315,-2,-1,-1,0,0,0,-55,0
11,-1756,-2830,-3,-2,-1,0,0,0,-56,0
12,-1726,-2971,-3,-2,0,0,0,0,-55,0
13,-1750,-2234,-1,-2,0,0,0,0,-55,0
14,-1741,-2291,-2,-2,0,0,0,0,-58,0
15,-1253,-2323,-3,-2,0,0,1,0,-60,0
16,-1186,-2060,-1,-2,0,0,1,0,-53,0
17,-2981,-3966,-4,-4,0,0,0,0,-65,0
18,-3908,-4867,-3,-4,-1,0,-1,0,-81,0
19,-6025,-5824,-4,-7,-1,0,-2,0,-92,0
20,-5830,-4739,-3,-7,-1,0,-3,0,-85,0
21,-5515,-4951,-3,-7,-1,0,-3,0,-77,0
22,-5822,-5216,-4,-7,-1,0,-3,0,-87,0
23,-6934,-8937,-6,-10,-1,0,-3,0,-81,0
24,-7054,-10373,-9,-12,-2,0,-3,0,-90,0
25,-7954,-11225,-7,-14,-2,0,-4,-1,-84,0
26,-9607,-15816,-10,-14,-2,-1,-4,-1,-97,0
27,-12737,-18619,-10,-18,-2,-1,-7,-2,-114,0
28,-12736,-18619,-10,-18,-2,-1,-7,-2,-114,0
0,0,0,0,0,0,0,0,0,0,0
1,0,0,0,0,0,0,0,0,0,0
2,13,40,0,0,0,0,0,0,1,0
3,-752,-300,-1,-2,0,0,0,0,4,0
4,-1797,-1401,-3,-4,0,0,0,0,-18,0
5,-2488,-1776,-3,-6,0,0,0,0,-17,0
6,-2789,-2311,-3,-6,0,0,0,0,-28,0
7,-2532,-2440,-4,-6,0,0,0,0,-30,0
8,-3270,-2559,-5,-8,-1,0,0,0,-23,0
9,-3132,-2873,-3,-9,-1,0,0,0,-28,0
10,-3169,-2905,-4,-10,-1,0,0,0,-23,0
11,-4283,-3611,-4,-13,-1,0,0,0,-15,0
12,-3910,-3242,-2,-14,-1,0,0,0,-2,0
13,-5285,-4530,-4,-16,-2,0,-1,0,-19,0
14,-4094,-3879,-4,-15,-2,0,-1,0,-13,0
15,-4521,-4849,-4,-17,-2,0,-1,0,-20,0
16,-1597,-2458,-2,-15,-2,0,0,0,-1,0
17,-960,-1664,-3,-14,-2,0,0,0,-2,0
18,-1278,-2714,-1,-14,-2,0,0,0,-15,0
19,58,-2299,-2,-13,-2,0,1,0,-15,0
20,419,-498,-2,-12,-1,0,1,0,-20,0
21,10,-5069,-3,-14,-1,0,2,0,-14,0
22,-3805,-9771,-6,-18,-1,0,0,0,-42,0
23,-4926,-10001,-8,-18,-1,0,-2,0,-45,0
24,-4889,-9532,-7,-18,-1,0,-2,0,-41,0
25,-5018,-10357,-6,-19,-2,0,-2,0,-45,0
26,-8111,-16208,-9,-22,-2,-1,-2,0,-46,0
0,0,0,0,0,0,0,0,0,0,0
1,0,0,0,0,0,0,0,0,0,0
2,101,194,1,0,0,0,0,0,6,0
3,326,365,0,0,0,0,0,0,17,0
4,60,-148,0,-1,0,0,0,0,17,0
5,198,-143,-1,-1,0,0,0,0,27,0
6,-38,-421,0,-2,0,0,0,0,31,0
7,-875,-579,-1,-4,0,0,0,0,28,0
8,-2196,-1820,-2,-6,0,0,0,0,13,0
9,-2768,-2180,-4,-7,-1,0,0,0,14,0
10,-2253,-1752,-1,-6,-1,0,0,0,14,0
11,-2272,-1372,-3,-7,-1,0,0,0,18,0
12,-2130,-1515,0,-7,-1,0,0,0,11,0
13,-1529,-1179,-2,-7,-1,0,0,0,12,0
14,-1396,-531,1,-7,-1,0,0,0,8,0
15,-264,906,0,-5,0,0,0,0,15,0
16,-557,797,2,-4,0,0,-1,0,1,0
17,1845,3009,4,-1,0,0,0,0,3,0
18,2484,4301,4,1,0,0,0,0,0,0
19,3305,4415,3,0,0,0,2,0,6,0
20,2952,4476,2,-1,0,0,2,0,10,0
21,2028,85,-1,-2,-1,0,2,0,-8,0
22,1959,-182,0,-2,-1,0,2,0,-10,0
23,3424,2147,2,0,-1,0,2,0,9,0
24,2356,347,-2,-1,-1,0,2,0,-6,0
25,1773,-383,0,-2,-1,0,2,0,6,0
26,746,-2473,-2,-4,-2,0,2,0,-2,0
27,1395,-1580,0,-3,-2,0,2,0,-6,0
28,373,-3527,-2,-5,-2,0,2,0,-10,0
29,-1919,-7642,-5,-5,-2,-1,1,0,-28,0
30,-4329,-10051,-7,-8,-2,-1,-1,0,-39,0
31,-7555,-14611,-7,-11,-2,-1,-4,-1,-63,0
0,0,0,0,0,0,0,0,0,0,0
1,0,0,0,0,0,0,0,0,0,0
2,-100,-316,-1,0,0,0,0,0,-6,0
3,-100,-25,-1,0,0,0,0,0,-4,0
4,-5,89,0,0,0,0,0,0,-2,0
5,-509,-530,0,0,0,0,0,0,-23,0
6,-67,337,1,0,0,0,0,0,-4,0
7,-64,319,0,0,0,0,0,0,-7,0
8,-1114,185,-1,-2,0,0,0,0,1,0
9,-836,791,1,-2,0,0,0,0,7,0
10,-150,624,1,0,0,0,0,0,-4,0
11,-505,952,1,-1,0,0,0,0,12,0
12,388,1552,2,0,0,0,0,0,20,0
13,-933,328,1,-2,-1,0,0,0,6,0
14,-698,318,0,-2,-1,0,0,0,5,0
15,-1547,-212,1,-3,-1,0,-1,0,9,0
16,-1068,-807,0,-5,-1,0,1,0,6,0
17,-2106,-2201,-1,-5,-1,0,0,0,-20,0
18,-1771,-1417,0,-5,-2,0,-1,0,-18,0
19,-1300,-351,0,-4,-2,0,-1,0,-21,0
20,-2449,-3159,-1,-8,-2,0,0,0,-26,0
21,-3369,-7213,-5,-9,-2,0,0,0,-21,0
22,-3492,-7454,-6,-7,-2,0,-1,0,-59,0
23,-3424,-6202,-3,-8,-2,0,-1,0,-40,0
24,-4902,-9745,-6,-10,-3,0,-1,0,-80,0
25,-5875,-10443,-7,-12,-3,0,-1,0,-78,0
26,-6214,-12562,-8,-11,-3,-1,-1,0,-75,0
27,-10031,-17750,-10,-16,-3,-1,-4,-1,-93,0
0,0,0,0,0,0,0,0,0,0,1
1,-5,0,0,0,0,0,0,0,0,1
2,-755,-29,-1,-2,0,0,0,0,-2,1
3,-870,45,0,-3,0,0,0,0,4,1
4,-1545,18,0,-4,0,0,0,0,6,1
5,-1855,-758,-2,-4,0,0,0,0,-6,1
6,-3136,-976,-1,-7,0,0,0,0,-8,1
7,-3740,-1637,-3,-7,0,0,0,0,-19,1
8,-3400,-857,0,-7,0,0,0,0,-3,1
9,-4234,-1759,-1,-9,0,0,0,0,-10,1
10,-4615,-1894,-4,-10,0,0,0,0,-3,1
11,-3428,-972,0,-10,0,0,0,0,10,1
12,-4510,-1116,0,-11,0,0,-1,0,0,1
13,-5049,-2108,-3,-13,0,0,-1,0,-4,1
14,-5258,-1889,-1,-14,0,0,-1,0,0,1
15,-5369,-2112,-2,-14,0,0,-1,0,-5,1
16,-2919,-523,-1,-13,0,0,0,0,-4,1
17,-3848,-431,1,-13,0,0,-1,0,-21,1
18,-3423,627,-1,-13,0,0,0,0,-18,1
19,-3466,154,1,-12,-1,0,-1,0,-27,1
20,-2435,1939,2,-11,-1,0,-1,0,-11,1
21,-2840,1063,-1,-11,-1,0,-1,0,-23,1
22,-884,3784,2,-8,-1,0,-1,0,-13,1
23,-833,6744,5,-8,-1,0,-1,0,-21,1
24,-475,6391,4,-7,-1,0,1,0,-32,1
25,-580,6969,4,-6,-2,0,1,0,-32,1
26,-1286,5330,4,-6,-2,0,1,0,-57,1
27,-1205,7135,3,-5,-2,0,0,0,-36,1
28,-778,6376,4,-4,-2,0,1,0,-66,1
29,-831,5725,3,-4,-2,0,1,0,-70,1
30,3115,11197,8,1,-2,0,4,1,-54,1
0,0,0,0,0,0,0,0,0,0,0
1,0,0,0,0,0,0,0,0,0,0
2,-480,143,0,-1,0,0,0,0,-3,0
3,-1186,-287,-1,-2,0,0,0,0,-24,0
4,-1526,116,0,-3,0,0,0,0,-16,0
5,-2602,-1363,-2,-5,0,0,0,0,-36,0
6,-1947,-921,-1,-4,0,0,0,0,-26,0
7,-2239,-1256,-1,-4,0,0,0,0,-38,0
8,-2038,-2053,-2,-4,0,0,0,0,-54,0
9,-1399,-1153,-1,-2,0,0,0,0,-56,0
10,-1059,-995,-1,-2,0,0,0,0,-53,0
11,-2718,-2026,-1,-5,-1,0,0,0,-67,0
12,-1926,-1467,-3,-5,-1,0,0,0,-59,0
13,-1901,-270,1,-5,-1,0,0,0,-51,0
14,-2804,-1553,-2,-6,-1,0,0,0,-67,0
15,-3047,-1875,0,-5,-1,0,-1,0,-78,0
16,-3276,-3114,-4,-6,-1,0,-1,0,-87,0
17,-1807,-651,0,-3,0,0,-1,0,-84,0
18,-878,605,0,-3,0,0,0,0,-72,0
19,-468,1180,2,-2,0,0,0,0,-69,0
20,-231,1097,1,-2,0,0,-1,0,-71,0
21,-2675,-1336,-1,-4,0,0,-2,0,-83,0
22,-2524,-4397,-4,-4,0,0,-2,0,-81,0
23,-4044,-6186,-4,-6,-1,0,-3,0,-77,0
24,-4555,-8226,-4,-7,-1,0,-2,0,-94,0
25,-8012,-11285,-6,-10,-1,0,-4,0,-104,0
26,-8603,-11015,-7,-10,-1,0,-5,0,-104,0
27,-13499,-16263,-11,-16,-1,0,-8,-1,-119,0
28,-13546,-16263,-11,-16,-1,0,-8,-1,-119,0
0,0,0,0,0,0,0,0,0,0,0
1,0,0,0,0,0,0,0,0,0,0
2,16,11,0,0,0,0,0,0,1,0
3,1056,560,0,2,0,0,0,0,19,0
4,-341,-6,0,-1,0,0,0,0,4,0
5,52,1108,1,-1,0,0,0,0,20,0
6,-469,1037,3,-2,1,0,0,0,20,0
7,-406,1244,2,-2,1,0,0,0,22,0
8,-499,1090,0,-2,1,0,0,0,20,0
9,712,1198,2,1,1,0,0,0,10,0
10,-651,605,1,-1,1,0,0,0,5,0
11,534,1632,2,1,1,0,0,0,2,0
12,347,31,1,0,0,0,0,0,-6,0
13,-738,-349,0,-3,0,0,0,0,12,0
14,-62,-885,-1,-3,0,0,1,0,4,0
15,-455,-1787,-1,-4,0,0,1,0,-17,0
16,559,-650,-1,-2,0,0,1,0,-14,0
17,-98,-678,-1,-3,0,0,0,0,-14,0
18,1739,696,1,-1,-1,0,0,0,-8,0
19,3451,1438,3,-1,-1,0,2,0,17,0
20,3807,942,0,0,-1,0,2,0,3,0
21,3299,4053,3,0,-1,0,0,0,6,0
22,2347,2611,2,-1,-1,0,0,0,-12,0
23,365,255,0,-4,-1,0,0,0,-21,0
24,293,1291,1,-4,-2,0,-1,0,-2,0
25,380,446,1,-6,-2,0,0,0,-2,0
26,-1549,-4743,-3,-6,-2,-1,0,0,-23,0
27,-3545,-5672,-5,-9,-2,-1,-2,0,-6,0
28,-4596,-7305,-4,-10,-2,-1,-3,0,-26,0
0,0,0,0,0,0,0,0,0,0,1
1,0,0,0,0,0,0,0,0,0,1
2,67,268,0,0,0,0,0,0,4,1
3,1507,859,2,3,0,0,0,0,7,1
4,1596,1293,3,3,0,0,0,0,20,1
5,1471,752,1,3,0,0,0,0,11,1
6,1877,258,2,4,0,0,0,0,6,1
7,3069,765,2,7,0,0,0,0,15,1
8,3307,547,0,8,0,0,0,0,7,1
9,3998,463,1,9,0,0,0,0,2,1
10,5039,1808,2,11,0,0,0,0,22,1
11,4774,1072,3,11,0,0,0,0,7,1
12,4818,1611,0,11,0,0,0,0,17,1
13,5526,2062,2,12,0,0,0,0,20,1
14,4819,1569,1,13,1,0,0,0,23,1
15,2987,1576,2,11,1,0,1,0,32,1
16,2156,974,2,10,1,0,1,0,31,1
17,2222,703,2,10,1,0,1,0,37,1
18,3596,1582,1,11,1,0,2,0,31,1
19,6061,3952,3,15,1,0,3,0,36,1
20,6147,5810,4,16,2,0,3,0,23,1
21,6327,9041,8,16,2,0,3,0,25,1
22,6464,10223,8,17,2,0,3,0,40,1
23,7080,11524,8,18,2,0,3,0,44,1
24,8743,11234,7,19,2,0,5,1,33,1
25,10739,13503,11,21,3,0,6,1,53,1
26,10335,12390,8,21,3,0,7,1,35,1
27,10605,12414,8,22,3,0,7,1,36,1
28,13979,17929,9,25,3,1,8,2,38,1
29,14528,17929,9,25,3,1,10,2,38,1
0,0,0,0,0,0,0,0,0,0,0
1,-1,0,0,0,0,0,0,0,0,0
2,39,-1,0,0,0,0,0,0,3,0
3,12,-38,1,0,0,0,0,0,2,0
4,480,277,0,1,0,0,0,0,4,0
5,1095,625,1,2,0,0,0,0,7,0
6,1106,293,1,3,0,0,0,0,-10,0
7,1524,477,1,4,0,0,0,0,-14,0
8,1252,-389,0,4,1,0,0,0,-27,0
9,-117,-536,-1,1,1,0,0,0,-19,0
10,-233,-647,-1,1,1,0,0,0,-28,0
11,-449,-1252,-3,0,1,0,0,0,-38,0
12,-789,-1113,-1,0,1,0,0,0,-45,0
13,287,-209,-1,3,1,0,0,0,-50,0
14,-908,-1466,-2,3,0,0,-1,0,-71,0
15,-544,-429,-2,3,0,0,-1,0,-48,0
16,-137,-736,-1,4,0,0,-1,0,-63,0
17,-476,-674,0,4,0,0,-2,0,-58,0
18,-583,-1335,0,5,0,0,-2,0,-64,0
19,-1318,-2105,-2,4,0,0,-2,0,-83,0
20,-986,-859,-1,4,-1,0,-2,0,-72,0
21,-2739,-3006,0,1,-1,0,-3,0,-82,0
22,-2511,-6043,-4,1,-1,0,-2,0,-88,0
23,-6225,-9640,-8,-3,-1,0,-4,0,-104,0
24,-5689,-6793,-5,-3,-1,0,-4,0,-81,0
25,-5865,-8720,-5,-3,-2,0,-4,0,-117,0
26,-8787,-13736,-8,-6,-2,-1,-4,0,-121,0
27,-10004,-14631,-10,-7,-2,-1,-5,0,-132,0
28,-12811,-17886,-10,-11,-2,-1,-7,-1,-141,0
0,0,0,0,0,0,0,0,0,0,1
1,0,0,0,0,0,0,0,0,0,1
2,-51,-135,0,0,0,0,0,0,-3,1
3,173,-424,-2,1,0,0,0,0,-19,1
4,-250,-950,-2,1,0,0,0,0,-34,1
5,691,-230,1,2,0,0,0,0,-20,1
6,612,-188,-1,2,0,0,0,0,-22,1
7,285,-17,-1,1,0,0,0,0,-12,1
8,223,-218,0,1,0,0,0,0,-13,1
9,536,-284,0,2,0,0,0,0,-20,1
10,668,618,0,3,0,0,0,0,-17,1
11,2143,2445,2,5,0,0,0,0,8,1
12,2417,2626,3,6,0,0,0,0,5,1
13,2414,2314,3,7,1,0,0,0,-5,1
14,2960,2908,4,8,1,0,0,0,12,1
15,3612,3403,4,10,1,0,0,0,9,1
16,3585,3813,4,10,1,0,0,0,11,1
17,4103,4998,5,11,1,0,0,0,19,1
18,4906,6934,7,13,1,0,0,0,30,1
19,3055,3972,3,10,2,0,2,0,15,1
20,2284,3075,2,9,2,0,2,0,11,1
21,2450,3033,4,9,2,0,2,0,13,1
22,3243,7396,6,10,2,0,2,0,27,1
23,2307,6726,5,10,2,0,1,0,10,1
24,2348,7132,6,11,3,0,1,0,-1,1
25,3516,7105,5,12,3,0,2,0,-5,1
26,3156,4538,4,14,3,-1,1,0,-10,1
27,2988,4792,5,14,3,-1,1,0,-15,1
28,3416,5872,4,15,3,-1,1,0,-11,1
29,4840,7745,6,18,3,-1,1,0,-17,1
30,6370,8730,6,18,4,-1,3,2,3,1
31,6729,9496,5,19,4,-1,3,2,15,1
32,6406,8193,6,19,4,-1,3,2,3,1
33,8760,13866,6,21,4,0,5,2,3,1
34,8924,14227,6,21,4,0,5,2,7,1
0,0,0,0,0,0,0,0,0,0,1
1,5,0,0,0,0,0,0,0,0,1
2,9,-94,0,0,0,0,0,0,-2,1
3,-113,-27,0,0,0,0,0,0,2,1
4,411,564,1,1,0,0,0,0,2,1
5,226,-155,-1,1,0,0,0,0,-6,1
6,109,-509,-1,1,0,0,0,0,-10,1
7,420,321,0,1,0,0,0,0,-1,1
8,774,705,1,2,0,0,0,0,2,1
9,12,-113,0,1,0,0,0,0,-14,1
10,58,-67,0,1,0,0,0,0,-6,1
11,-118,-1148,-1,1,0,0,0,0,-19,1
12,-1093,-2052,-1,-1,0,0,0,0,-21,1
13,170,-682,0,0,0,0,0,0,-7,1
14,770,-467,1,1,1,0,0,0,-9,1
15,1074,-71,-2,2,1,0,0,0,-5,1
16,1797,-588,1,3,1,0,1,0,-8,1
17,1340,-1701,-2,2,1,0,1,0,-17,1
18,1949,-1483,-1,2,1,0,2,0,-15,1
19,2263,-765,1,3,1,0,2,0,-9,1
20,1686,-555,0,3,2,0,1,0,-8,1
21,-658,-2561,-1,1,2,0,0,0,-24,1
22,773,1577,3,4,2,0,0,0,-32,1
23,747,2082,2,4,2,0,0,0,-32,1
24,1418,1146,1,4,2,0,1,0,-46,1
25,-228,597,1,4,3,0,-1,0,-60,1
26,-138,510,0,4,3,0,-1,0,-59,1
27,256,261,1,3,3,0,0,0,-53,1
28,356,442,1,4,3,0,0,1,-59,1
29,992,1396,1,6,3,0,0,1,-77,1
30,-661,-1569,-1,5,2,0,0,1,-101,1
31,557,1214,1,5,2,1,0,1,-110,1
32,-168,454,1,5,2,1,0,1,-130,1
33,999,3175,1,6,2,1,0,1,-97,1
34,224,3474,1,7,2,1,0,1,-112,1
35,-354,2300,-1,7,2,1,0,1,-135,1
36,3525,7723,1,11,2,1,3,2,-121,1
37,3525,7723,1,11,2,1,3,2,-121,1
0,0,0,0,0,0,0,0,0,0,0
1,0,0,0,0,0,0,0,0,0,0
2,12,-82,0,0,0,0,0,0,-1,0
3,155,396,0,0,0,0,0,0,8,0
4,820,649,0,1,0,0,0,0,15,0
5,694,533,2,1,0,0,0,0,9,0
6,1595,1223,3,3,0,0,0,0,18,0
7,2058,1288,2,5,0,0,0,0,20,0
8,2571,1344,0,6,0,0,0,0,16,0
9,872,1296,1,3,0,0,0,0,22,0
10,-119,282,-1,2,-1,0,-1,0,11,0
11,-1251,-1103,-2,1,-1,0,-1,0,-7,0
12,-2625,-1830,-1,0,-1,0,-2,0,-4,0
13,-5094,-3204,-4,-2,-1,0,-3,0,-12,0
14,-4098,-2841,-3,-2,-1,0,-3,0,-5,0
15,-3912,-1189,-2,-2,-1,0,-4,0,30,0
16,-3510,-2160,-1,-2,-2,0,-3,0,23,0
17,-5277,-2008,-2,-4,-2,0,-5,0,35,0
18,-4568,-2430,-1,-4,-2,0,-4,0,18,0
19,-4078,-864,0,-3,-2,0,-5,-1,24,0
20,-4489,102,-1,-5,-2,0,-5,-1,40,0
21,-4761,443,0,-5,-2,0,-6,-2,52,0
22,-4314,-1929,-1,-5,-3,0,-6,-2,72,0
23,-3562,-2076,-1,-6,-3,0,-6,-2,81,0
24,-3497,-1960,-1,-7,-3,0,-6,-2,88,0
25,-3717,-814,1,-7,-3,0,-7,-2,104,0
26,-3835,-1031,-2,-9,-3,0,-7,-2,127,0
27,-7050,-8172,-7,-12,-4,-1,-7,-2,121,0
28,-8557,-10071,-7,-13,-4,-1,-9,-4,109,0
0,0,0,0,0,0,0,0,0,0,1
1,-5,0,0,0,0,0,0,0,0,1
2,33,47,0,0,0,0,0,0,0,1
3,176,180,0,0,0,0,0,0,3,1
4,50,2,0,0,0,0,0,0,-6,1
5,-128,-339,0,0,0,0,0,0,-11,1
6,-1226,-610,-2,-2,0,0,0,0,-14,1
7,-1593,-465,0,-3,0,0,0,0,-9,1
8,-1491,-713,-2,-3,0,0,0,0,-16,1
9,-2081,-698,0,-4,0,0,0,0,-10,1
10,-2385,-955,-1,-5,1,0,0,0,-12,1
11,-2401,-1126,-1,-5,1,0,0,0,-19,1
12,-3022,-1526,-1,-6,1,0,0,0,-22,1
13,-3744,-1561,-3,-6,1,0,-1,0,-27,1
14,-3784,-1223,-1,-7,1,0,-1,0,-21,1
15,-2025,-75,-1,-5,1,0,-1,0,-12,1
16,-3005,-1846,-2,-6,0,0,-1,0,-42,1
17,-3092,-1986,-1,-7,0,0,0,0,-41,1
18,-4113,-2989,-1,-6,0,0,-2,0,-58,1
19,-1899,-1678,-2,-3,0,0,-1,0,-60,1
20,-2021,-494,0,-3,0,0,-2,0,-47,1
21,-1726,-570,-1,-4,-1,0,-1,0,-30,1
22,-2035,-3990,-4,-4,-1,0,-1,0,-38,1
23,-852,-2951,-1,-2,-1,0,-1,0,-38,1
24,2,-1940,-1,-1,-1,0,-1,0,-34,1
25,470,-2459,-1,-1,-1,0,-1,0,-42,1
26,-1679,-6148,-2,-4,-1,0,-1,0,-60,1
27,1997,784,1,-1,-1,1,-1,0,-40,1
28,2215,633,0,-2,0,1,0,0,-30,1
29,2576,2412,1,-2,0,1,0,0,-7,1
30,3322,1629,2,-2,0,1,1,0,-6,1
31,3894,2724,-1,-1,0,1,1,0,-9,1
32,4209,3362,0,-1,0,1,1,0,8,1
33,5488,4804,2,1,0,1,2,1,15,1
34,7905,7882,4,5,1,1,4,1,17,1
35,7957,7882,4,5,1,1,4,1,17,1
0,0,0,0,0,0,0,0,0,0,1
1,0,0,0,0,0,0,0,0,0,1
2,-534,-429,-1,-1,0,0,0,0,-11,1
3,-582,-282,-1,-1,0,0,0,0,-15,1
4,-1667,-192,-1,-3,0,0,0,0,-23,1
5,-1970,-909,0,-3,0,0,0,0,-33,1
6,-2504,-1244,-1,-3,0,0,0,0,-53,1
7,-2325,-819,0,-2,0,0,0,0,-60,1
8,-1217,-98,-1,1,0,0,0,0,-67,1
9,-1520,273,2,0,-1,0,0,0,-74,1
10,-628,933,0,2,-1,0,0,0,-74,1
11,385,1529,1,4,-1,0,0,0,-78,1
12,-158,2394,1,5,-1,0,-1,0,-82,1
13,960,3081,4,5,-1,0,0,0,-69,1
14,13,1810,2,4,-1,0,0,0,-81,1
15,380,1682,1,5,-1,0,0,0,-77,1
16,787,3013,1,7,-1,0,-1,0,-69,1
17,1987,4062,3,9,-1,0,-1,0,-68,1
18,1856,3355,3,9,-2,0,-1,0,-78,1
19,2973,2270,2,10,-2,0,1,0,-96,1
20,2908,2645,4,11,-2,0,0,0,-87,1
21,3575,5378,4,14,-2,0,0,0,-73,1
22,3911,7906,5,14,-2,0,0,0,-86,1
23,4198,9187,6,16,-1,0,0,0,-84,1
24,4632,9527,6,17,-1,0,0,0,-84,1
25,5006,9889,5,17,-1,0,0,0,-82,1
26,4383,11086,6,20,-1,0,-2,0,-95,1
27,5285,11685,8,20,-1,0,-1,0,-79,1
28,6777,13856,8,22,-1,0,1,0,-64,1
0,0,0,0,0,0,0,0,0,0,0
1,0,0,0,0,0,0,0,0,0,0
2,-131,47,0,0,0,0,0,0,-3,0
3,60,513,1,0,0,0,0,0,1,0
4,207,843,2,0,0,0,0,0,2,0
5,243,607,1,0,0,0,0,0,1,0
6,546,904,2,0,0,0,0,0,5,0
7,-229,516,2,-1,0,0,0,0,-11,0
8,501,786,1,0,0,0,0,0,-4,0
9,965,614,-1,1,0,0,0,0,-9,0
10,1317,1580,2,2,0,0,0,0,-4,0
11,1726,1443,1,2,0,0,0,0,-10,0
12,2573,1717,2,2,-1,0,1,0,-5,0
13,3235,971,1,2,-1,0,2,0,-12,0
14,3052,795,2,2,-1,0,2,0,-17,0
15,3443,950,2,2,-1,0,3,0,-5,0
16,3060,1186,2,1,-1,0,3,0,1,0
17,3004,270,0,1,-2,0,3,0,-17,0
18,4647,2040,1,3,-2,0,3,0,-5,0
19,6164,4616,3,6,-2,0,3,0,6,0
20,6241,4494,5,6,-2,0,3,0,10,0
21,2408,76,2,2,-2,0,3,0,-17,0
22,1826,-352,-2,2,-2,0,2,0,-20,0
23,-501,-6872,-4,-1,-3,0,1,0,-37,0
24,394,-4909,-3,0,-3,0,1,0,-19,0
25,-1835,-8465,-6,-4,-3,0,1,0,-37,0
26,-2620,-12085,-7,-4,-3,-1,1,0,-47,0
27,-4389,-16018,-10,-9,-3,-1,1,0,-52,0
0,0,0,0,0,0,0,0,0,0,1
1,0,0,0,0,0,0,0,0,0,1
2,33,-70,0,0,0,0,0,0,1,1
3,18,-251,0,0,0,0,0,0,2,1
4,169,165,0,0,0,0,0,0,14,1
5,-697,-25,-1,-2,0,0,0,0,19,1
6,-779,-639,-1,-2,0,0,0,0,18,1
7,-249,15,1,-1,1,0,0,0,20,1
8,-100,393,1,-1,1,0,0,0,20,1
9,1119,1083,1,1,1,0,0,0,28,1
10,681,274,-1,1,1,0,0,0,21,1
11,1238,1010,2,2,1,0,0,0,32,1
12,1176,946,-1,2,1,0,0,0,33,1
13,1206,1010,2,2,2,0,0,0,37,1
14,1131,1386,1,1,2,0,0,0,46,1
15,3657,3800,3,5,2,0,1,0,53,1
16,4844,5094,4,6,2,0,2,0,58,1
17,4120,5345,4,5,2,0,3,0,68,1
18,2487,3865,2,4,2,0,2,0,53,1
19,2395,5096,4,5,3,0,1,0,56,1
20,2408,4938,3,5,3,0,1,0,56,1
21,5050,7790,4,8,3,0,2,0,63,1
22,6369,12793,8,10,3,0,2,0,78,1
23,6418,12055,7,10,3,0,3,0,62,1
24,6240,13395,9,13,3,0,2,0,61,1
25,8056,15960,11,17,4,0,3,0,84,1
26,9944,17960,12,18,4,0,6,1,101,1
0,0,0,0,0,0,0,0,0,0,0
1,0,0,0,0,0,0,0,0,0,0
2,40,-60,0,0,0,0,0,0,1,0
3,69,96,0,0,0,0,0,0,10,0
4,264,-516,0,1,0,0,0,0,4,0
5,-380,-1072,-2,0,0,0,0,0,-9,0
6,-2138,-1237,-4,-3,0,0,0,0,-14,0
7,-2133,-1100,-1,-3,0,0,0,0,-11,0
8,-2019,-968,-1,-3,0,0,0,0,-9,0
9,-1806,-1034,-3,-3,0,0,0,0,-14,0
10,-1340,-201,1,-2,0,0,0,0,-9,0
11,-494,72,-1,0,0,0,0,0,-14,0
12,13,-68,1,2,-1,0,0,0,-33,0
13,-625,-539,-2,0,-1,0,0,0,-35,0
14,-2108,-1459,-1,-2,-1,0,0,0,-42,0
15,-2717,-2339,-2,-3,-1,0,0,0,-40,0
16,-4558,-3198,-2,-4,-1,0,-2,0,-39,0
17,-2980,-2696,-2,-2,-1,0,-1,0,-51,0
18,-3126,-2349,-2,-2,0,0,-1,0,-55,0
19,-4492,-3331,-3,-5,0,0,-1,0,-39,0
20,-4752,-4688,-3,-5,0,0,-1,0,-47,0
21,-4878,-4869,-4,-5,0,0,-1,0,-49,0
22,-8794,-10081,-7,-9,0,0,-2,0,-87,0
23,-7273,-7952,-5,-7,0,0,-2,0,-81,0
24,-9293,-9968,-6,-10,1,0,-2,0,-82,0
25,-11362,-11881,-6,-11,1,0,-3,0,-105,0
26,-13168,-12958,-6,-13,1,0,-3,0,-119,0
27,-15686,-15671,-10,-16,1,0,-4,-1,-137,0
28,-16270,-15791,-10,-16,1,0,-6,-1,-139,0
0,0,0,0,0,0,0,0,0,0,1
1,25,0,0,0,0,0,0,0,1,1
2,2,-20,0,0,0,0,0,0,0,1
3,-610,-186,0,-1,0,0,0,0,-11,1
4,-548,-132,-1,-1,0,0,0,0,0,1
5,-626,-287,-2,-1,0,0,0,0,-5,1
6,-742,-758,-2,-1,0,0,0,0,-17,1
7,-393,8,0,-1,0,0,0,0,-9,1
8,-904,-525,-2,-2,0,0,0,0,-11,1
9,-1550,-774,-1,-2,0,0,0,0,-19,1
10,-1277,-431,-1,-2,-1,0,0,0,-18,1
11,-2230,-64,-1,-3,-1,0,0,0,-10,1
12,-2715,-775,-1,-3,-1,0,-1,0,-32,1
13,-4081,-1881,-2,-5,-1,0,-2,0,-33,1
14,-5253,-4462,-4,-6,-1,0,-3,0,-72,1
15,-4283,-3516,-2,-5,-1,0,-3,0,-60,1
16,-5907,-4868,-4,-7,-1,0,-4,0,-69,1
17,-5055,-4947,-4,-7,-2,0,-4,0,-79,1
18,-4831,-4964,-3,-6,-2,0,-5,0,-86,1
19,-3654,-3407,-2,-5,-2,0,-5,0,-86,1
20,-4391,-5665,-4,-8,-2,0,-5,-1,-92,1
21,-2355,-3815,-4,-6,-2,0,-5,-1,-90,1
22,-1815,-29,1,-6,-2,0,-6,-1,-74,1
23,-1728,61,-1,-7,-2,0,-6,-1,-60,1
24,36,3397,2,-4,-1,0,-6,-1,-42,1
25,-158,2872,3,-4,-1,0,-6,-1,-55,1
26,-327,2156,2,-5,-1,0,-6,-1,-55,1
27,-260,2387,2,-4,-1,0,-6,-1,-68,1
28,561,4484,4,-3,-1,0,-6,-1,-50,1
29,2824,7868,4,-2,-1,1,-6,-1,-45,1
30,3546,7300,6,-2,-2,1,-5,-1,-47,1
31,3287,6529,4,-2,-2,1,-5,-1,-53,1
32,5897,8640,4,0,-2,1,-3,-1,-51,1
33,6931,9018,6,1,-2,1,-2,-1,-57,1
34,8094,10447,5,2,-2,1,-2,-1,-41,1
35,8925,13474,5,5,-2,1,-2,-1,-39,1
0,0,0,0,0,0,0,0,0,0,1
1,0,0,0,0,0,0,0,0,0,1
2,50,233,0,0,0,0,0,0,2,1
3,77,49,0,0,0,0,0,0,6,1
4,494,59,0,1,0,0,0,0,5,1
5,1152,929,1,2,0,0,0,0,13,1
6,996,569,2,2,0,0,0,0,7,1
7,2014,1154,0,4,0,0,0,0,17,1
8,2040,764,1,4,0,0,0,0,14,1
9,1338,-59,0,2,-1,0,0,0,9,1
10,2621,808,1,4,-1,0,0,0,13,1
11,2608,801,1,4,-1,0,0,0,9,1
12,3789,1420,2,6,-1,0,0,0,13,1
13,3731,1782,0,6,-1,0,0,0,10,1
14,3475,1440,2,6,-1,0,0,0,6,1
15,3999,2832,2,7,-1,0,0,0,19,1
16,4957,2836,3,8,-1,0,2,0,16,1
17,4435,2349,3,8,0,0,2,0,-2,1
18,4505,2337,2,7,0,0,3,0,-4,1
19,4654,3816,4,8,0,0,2,0,-4,1
20,4833,1703,1,8,0,0,3,0,-33,1
21,5313,1694,2,8,0,0,3,0,-19,1
22,5450,4659,5,10,0,0,2,0,-31,1
23,2654,2158,1,8,1,0,1,0,-44,1
24,1325,1558,1,7,1,0,0,0,-41,1
25,903,294,-1,7,1,0,0,0,-68,1
26,-3385,-7859,-5,3,1,-1,0,0,-95,1
27,-1222,-4082,-3,6,1,-1,-1,0,-86,1
28,-36,-2081,-1,7,2,-1,-1,0,-64,1
29,-67,-2258,-1,7,2,-1,-1,0,-71,1
30,1580,-35,-1,9,2,-1,0,1,-67,1
31,1323,-781,-1,9,2,-1,0,1,-80,1
32,2228,727,0,9,2,-1,0,1,-57,1
33,2438,822,0,9,3,-1,1,1,-61,1
34,3993,3006,1,12,3,-1,1,1,-69,1
35,4800,4497,2,13,3,-1,1,1,-65,1
0,0,0,0,0,0,0,0,0,0,0
1,0,0,0,0,0,0,0,0,0,0
2,2,297,1,0,0,0,0,0,0,0
3,-377,22,0,-1,0,0,0,0,3,0
4,116,229,0,0,0,0,0,0,4,0
5,394,-734,0,1,0,0,0,0,-10,0
6,515,-271,0,1,0,0,0,0,-3,0
7,440,-476,-1,1,1,0,0,0,-5,0
8,0,-1136,-2,1,1,0,0,0,-16,0
9,-653,-1216,-2,-1,1,0,0,0,-14,0
10,-467,-559,1,0,1,0,0,0,-13,0
11,-628,-685,-1,0,1,0,0,0,-26,0
12,-806,-1180,0,0,1,0,0,0,-43,0
13,-266,-1014,0,0,1,0,0,0,-41,0
14,-668,-969,-1,0,0,0,-1,0,-37,0
15,721,480,0,1,0,0,0,0,-23,0
16,-1032,-1395,-2,-1,0,0,-1,0,-34,0
17,-397,-2144,-2,-1,0,0,-1,0,-26,0
18,-365,-2425,-2,-1,0,0,-1,0,-25,0
19,203,-346,-1,2,0,0,-3,0,-26,0
20,-18,-2518,-3,0,-1,0,-3,0,-29,0
21,41,-5818,-4,0,-1,0,-2,0,-35,0
22,-18,-6201,-6,0,-1,0,-2,0,-40,0
23,2243,-3017,-2,4,-1,0,-2,0,-44,0
24,2491,-2755,-3,4,-1,0,-2,0,-39,0
25,3133,-1173,-2,4,-1,0,-2,0,-19,0
26,3595,-754,0,5,-1,0,-2,0,-26,0
27,5346,3453,3,6,-1,1,-2,0,-25,0
28,6905,4399,2,6,-2,1,0,0,0,0
29,7035,3026,1,6,-2,1,1,0,-33,0
30,4431,76,0,5,-2,1,-1,0,-65,0
31,3427,-1331,0,3,-2,1,-1,0,-55,0
32,629,-4124,-3,1,-2,1,-4,-1,-68,0
0,0,0,0,0,0,0,0,0,0,0
1,5,0,0,0,0,0,0,0,0,0
2,91,255,0,0,0,0,0,0,3,0
3,51,-72,0,0,0,0,0,0,1,0
4,-233,-578,0,-1,0,0,0,0,-3,0
5,-491,-910,-1,-1,0,0,0,0,-15,0
6,-452,-750,-2,-1,0,0,0,0,-14,0
7,-538,-470,0,-1,-1,0,0,0,-8,0
8,177,419,-1,0,-1,0,0,0,7,0
9,52,461,0,0,-1,0,0,0,1,0
10,-219,-407,0,0,-1,0,0,0,-20,0
11,-494,67,0,-1,-1,0,0,0,-12,0
12,-1066,-885,-1,-2,0,0,0,0,-19,0
13,-1677,-1182,-2,-3,0,0,0,0,-19,0
14,-1264,-1221,-1,-3,0,0,0,0,-12,0
15,-2181,-1164,0,-4,0,0,0,0,-8,0
16,-5017,-4024,-3,-7,0,0,-2,0,-27,0
17,-3327,-4301,-4,-8,0,0,-1,0,-26,0
18,-4081,-5722,-5,-9,0,0,-2,0,-33,0
19,-6062,-7674,-6,-12,-1,0,-3,0,-36,0
20,-4853,-6197,-5,-12,-1,0,-3,0,-39,0
21,-2273,-3835,-3,-8,-1,0,-2,0,-40,0
22,-3425,-2807,-2,-12,-1,0,-1,0,-51,0
23,-3586,-2966,-2,-12,-1,0,-1,0,-63,0
24,-4366,-3481,-1,-13,-1,0,-1,0,-65,0
25,-4770,-3763,-3,-15,-2,0,-1,0,-50,0
26,-7063,-8701,-6,-16,-2,-1,-1,0,-60,0
27,-6771,-5810,-3,-14,-2,-1,-3,-1,-40,0
28,-7204,-6616,-4,-14,-2,-1,-3,-1,-58,0
29,-6857,-4908,-3,-13,-2,-1,-4,-1,-43,0
30,-9675,-8343,-3,-17,-2,-1,-6,-1,-51,0
31,-9755,-8384,-4,-17,-2,-1,-6,-1,-53,0
0,0,0,0,0,0,0,0,0,0,0
1,0,0,0,0,0,0,0,0,0,0
2,29,70,0,0,0,0,0,0,5,0
3,198,276,-1,0,0,0,0,0,14,0
4,102,315,1,0,0,0,0,0,12,0
5,-863,-510,-2,-1,0,0,0,0,1,0
6,-724,349,1,-2,0,0,0,0,29,0
7,-1365,-318,1,-3,0,0,0,0,19,0
8,-1240,252,-1,-3,1,0,0,0,29,0
9,-1891,-332,-1,-4,1,0,0,0,15,0
10,-1437,332,1,-4,1,0,0,0,28,0
11,-1156,1011,0,-4,1,0,0,0,36,0
12,-1028,908,0,-4,1,0,0,0,27,0
13,-987,349,0,-4,1,0,0,0,22,0
14,-1366,412,1,-5,1,0,0,0,20,0
15,-2560,-1032,0,-6,0,0,-1,0,10,0
16,-1851,93,-2,-5,0,0,-1,0,17,0
17,-1862,330,1,-5,0,0,-1,0,13,0
18,-1670,995,1,-5,0,0,-1,0,24,0
19,-2133,885,1,-6,0,0,-1,0,23,0
20,-3324,-2166,-1,-7,0,0,-2,0,12,0
21,-4573,-4455,-4,-10,-1,0,-2,0,13,0
22,-4529,-5982,-5,-10,-1,0,-2,0,30,0
23,-4200,-6074,-6,-11,-1,0,-1,0,35,0
24,-4251,-6110,-4,-11,-1,0,-1,0,36,0
25,-7516,-8824,-6,-14,-1,0,-5,-1,25,0
26,-7516,-8824,-6,-14,-1,0,-5,-1,25,0
0,0,0,0,0,0,0,0,0,0,0
1,0,0,0,0,0,0,0,0,0,0
2,-262,335,-1,-1,0,0,0,0,6,0
3,253,385,1,0,0,0,0,0,10,0
4,603,90,1,1,0,0,0,0,-2,0
5,934,532,2,2,0,0,0,0,-4,0
6,1195,502,2,2,0,0,0,0,-4,0
7,1469,931,0,2,0,0,0,0,8,0
8,1031,656,1,2,0,0,0,0,0,0
9,1448,683,2,3,0,0,0,0,2,0
10,1533,687,-1,3,0,0,0,0,2,0
11,2872,1092,2,6,0,0,0,0,-3,0
12,1861,1338,0,4,0,0,0,0,16,0
13,1711,264,3,4,0,0,0,0,-5,0
14,1752,-27,0,3,1,0,1,0,-3,0
15,-108,-1870,-1,1,1,0,0,0,-26,0
16,814,-1093,0,3,1,0,0,0,-25,0
17,1549,-1013,-2,4,1,0,1,0,-38,0
18,1693,-509,1,4,1,0,0,0,-20,0
19,903,-1656,-1,3,1,0,0,0,-27,0
20,-197,-3877,-2,1,0,0,0,0,-37,0
21,-331,-7146,-6,0,0,0,0,0,-26,0
22,-156,-7966,-5,1,0,0,0,0,-50,0
23,185,-6549,-3,1,0,0,0,0,-35,0
24,1586,-4653,-1,4,0,0,0,1,-37,0
25,2408,-3576,-3,5,1,0,1,1,-42,0
26,1713,-3906,-1,5,1,0,1,1,-41,0
27,718,-5794,-3,4,1,0,1,1,-60,0
28,-1434,-9613,-5,3,1,-1,0,1,-43,0
29,-3421,-11821,-8,2,1,-1,-1,1,-77,0
30,-2970,-9303,-4,3,1,-1,-4,-1,-84,0
31,-2534,-7431,-5,3,2,-1,-4,-1,-63,0
32,-3141,-7169,-3,3,2,-1,-5,-1,-66,0
33,-976,-3239,-2,6,2,-1,-5,-2,-45,0
34,32,-861,0,6,2,-1,-5,-2,-20,0
35,-486,-2014,0,7,2,-2,-5,-3,4,0
36,-1109,-2026,0,7,2,-2,-5,-3,5,0
37,-2008,-1673,1,8,2,-2,-7,-4,-1,0
0,0,0,0,0,0,0,0,0,0,0
1,0,0,0,0,0,0,0,0,0,0
2,47,125,0,0,0,0,0,0,3,0
3,41,262,0,0,0,0,0,0,5,0
4,116,213,0,0,0,0,0,0,5,0
5,-83,-643,-1,0,0,0,0,0,-7,0
6,-358,-503,-1,-1,0,0,0,0,-2,0
7,-133,-295,-1,-1,0,0,0,0,6,0
8,38,-619,-1,0,0,0,0,0,-3,0
9,27,-129,1,0,0,0,0,0,10,0
10,-784,-716,-1,-2,0,0,0,0,12,0
11,-404,-1086,0,-1,0,0,0,0,3,0
12,-981,-983,-1,-2,0,0,-1,0,0,0
13,-1159,-1552,-1,-3,-1,0,-1,0,0,0
14,-1314,-2556,-1,-3,-1,0,-1,0,-25,0
15,-1211,-1122,-1,-2,-1,0,-2,0,-10,0
16,85,1148,2,-1,-1,0,-1,0,4,0
17,1520,1832,2,1,-1,0,0,0,-3,0
18,1405,2678,2,0,0,0,1,0,0,0
19,169,142,-1,-1,0,0,1,0,-24,0
20,308,165,0,-2,0,0,1,0,-9,0
21,-710,-3656,-4,-3,0,0,1,0,-30,0
22,-687,-4717,-3,-4,0,0,2,0,-34,0
23,-931,-5059,-3,-5,-1,0,2,0,-22,0
24,-719,-6168,-4,-5,-1,0,2,0,-35,0
25,1336,-2901,-4,-3,-1,0,2,0,-13,0
26,208,-4535,-3,-5,-1,0,2,0,-14,0
27,-2298,-9605,-5,-7,-1,-1,2,0,-17,0
28,-6063,-11938,-7,-8,-1,-1,-3,-2,-39,0
29,-5559,-10775,-7,-9,-2,-1,-3,-2,-14,0
30,-9194,-15833,-11,-12,-2,-1,-6,-3,-54,0
0,0,0,0,0,0,0,0,0,0,0
1,0,0,0,0,0,0,0,0,0,0
2,-228,-489,0,0,0,0,0,0,-11,0
3,698,136,1,2,0,0,0,0,-4,0
4,1395,944,1,3,0,0,0,0,16,0
5,1364,850,1,3,0,0,0,0,19,0
6,998,988,2,3,0,0,0,0,14,0
7,329,640,2,2,0,0,0,0,16,0
8,951,1141,0,3,0,0,0,0,30,0
9,1935,1645,3,5,0,0,0,0,25,0
10,2921,2578,2,7,0,0,0,0,37,0
11,1142,1777,1,4,-1,0,0,0,48,0
12,1633,2089,3,5,-1,0,0,0,39,0
13,2210,2038,0,6,-1,0,0,0,27,0
14,3695,4134,3,9,-1,0,0,0,33,0
15,4789,5456,5,9,-1,0,2,0,53,0
16,5529,6349,4,10,-1,0,2,0,66,0
17,5831,6981,4,10,-1,0,3,0,70,0
18,6436,9023,8,11,0,0,3,0,89,0
19,7255,9033,7,12,0,0,4,0,91,0
20,6209,7921,5,11,0,0,4,0,102,0
21,4641,1901,0,10,0,0,4,0,111,0
22,4794,2210,2,10,0,0,4,0,120,0
23,1122,-2766,-2,6,0,0,3,0,94,0
24,1073,-3061,-3,6,-1,0,3,0,94,0
25,1230,-2241,-1,6,-1,0,3,0,110,0
26,551,-3115,-2,5,-1,0,3,0,107,0
27,351,-4480,-3,7,-1,-1,3,0,116,0
28,1203,-2770,0,8,-1,-1,3,0,127,0
29,1396,-1887,-1,9,-1,-1,2,0,127,0
30,155,-5315,-4,6,-1,-1,1,0,115,0
31,-825,-3893,-2,6,-2,-1,-1,0,137,0
32,-2173,-6297,-4,4,-2,-1,-1,0,129,0
33,-2280,-5860,-3,4,-2,-1,-2,0,130,0
34,-6036,-12700,-6,1,-2,-2,-3,-1,118,0
35,-6360,-12802,-6,0,-2,-2,-3,-1,122,0
36,-7675,-16238,-4,-2,-3,-2,-5,-1,112,0
37,-8022,-16238,-4,-2,-3,-2,-6,-2,112,0
0,0,0,0,0,0,0,0,0,0,0
1,0,0,0,0,0,0,0,0,0,0
2,311,-124,0,1,0,0,0,0,-3,0
3,109,-211,-1,1,0,0,0,0,-13,0
4,197,-177,-1,1,0,0,0,0,-8,0
5,-18,-2,0,0,0,0,0,0,-3,0
6,92,-96,1,1,0,0,0,0,-13,0
7,-412,431,0,0,0,0,0,0,-5,0
8,-736,-227,-1,0,0,0,0,0,-17,0
9,-1860,-1087,0,-2,0,0,0,0,-28,0
10,-1700,-598,-1,-2,0,0,0,0,-18,0
11,-1856,-1039,-1,-2,0,0,0,0,-20,0
12,-764,-755,-1,-1,0,0,0,0,-21,0
13,-1045,-1143,-3,-2,0,0,0,0,-22,0
14,-2567,-315,-1,-3,0,0,-2,0,-16,0
15,-1518,791,1,-2,0,0,-1,0,-10,0
16,-1803,-312,-1,-3,-1,0,-1,0,-16,0
17,-1146,1467,0,-2,-1,0,-1,0,-9,0
18,-1785,1006,0,-3,-1,0,-1,0,-9,0
19,-1622,532,1,-5,-1,0,0,0,-2,0
20,-1397,1596,0,-5,-1,0,0,0,9,0
21,-1136,2557,1,-5,-1,0,0,0,25,0
22,-1370,948,1,-7,-2,0,0,0,14,0
23,-1586,3120,2,-7,-2,0,0,0,-7,0
24,-1310,3684,1,-8,-2,0,0,0,20,0
25,-1295,3585,2,-8,-2,0,0,0,10,0
26,-3356,1142,2,-10,-2,0,-1,0,-4,0
27,-3646,-819,-1,-9,-2,-1,-1,0,3,0
28,-1146,322,0,-8,-2,-1,2,0,1,0
29,-4437,-4233,-4,-13,-1,-1,1,0,-18,0
30,-5709,-6233,-4,-15,-1,-1,-1,-1,-31,0
0,0,0,0,0,0,0,0,0,0,1
1,0,0,0,0,0,0,0,0,0,1
2,-134,-481,0,0,0,0,0,0,-10,1
3,353,99,0,1,0,0,0,0,-9,1
4,-231,153,1,0,0,0,0,0,-18,1
5,-39,311,0,1,0,0,0,0,-21,1
6,145,515,0,2,0,0,0,0,-24,1
7,457,253,1,3,0,0,0,0,-28,1
8,830,951,0,3,0,0,0,0,-13,1
9,350,541,2,2,0,0,0,0,-12,1
10,713,553,1,3,1,0,0,0,-13,1
11,388,123,1,2,1,0,0,0,-11,1
12,536,312,2,3,1,0,0,0,-17,1
13,2541,2052,2,4,1,0,1,0,8,1
14,2726,2790,3,5,1,0,1,0,8,1
15,5020,5192,6,8,1,0,2,0,23,1
16,3994,5277,4,8,1,0,1,0,19,1
17,5837,6167,6,9,1,0,3,0,26,1
18,4560,6709,5,9,2,0,2,0,22,1
19,6005,8609,7,12,2,0,2,0,34,1
20,3957,7083,4,10,2,0,3,0,13,1
21,3549,5570,2,12,2,0,4,0,23,1
22,3917,5570,4,13,2,0,4,0,25,1
23,3154,5440,3,13,2,0,3,0,40,1
24,2868,4509,3,13,1,0,3,0,25,1
25,5512,8512,6,17,1,0,3,0,45,1
26,7747,12924,7,19,1,1,3,0,45,1
27,6777,10410,6,17,1,1,4,1,67,1
28,5735,7808,4,17,1,1,4,1,31,1
29,7351,10392,7,19,1,1,5,1,46,1
30,9140,12058,7,21,1,1,6,1,53,1
0,0,0,0,0,0,0,0,0,0,1
1,-1,0,0,0,0,0,0,0,0,1
2,116,208,0,0,0,0,0,0,5,1
3,90,64,0,0,0,0,0,0,4,1
4,-1056,-269,-1,-3,0,0,0,0,12,1
5,-1522,-694,-2,-4,0,0,0,0,9,1
6,-2429,-1255,-1,-6,0,0,0,0,1,1
7,-2125,-248,0,-6,0,0,0,0,25,1
8,-3161,-1324,-4,-8,-1,0,0,0,13,1
9,-2896,-1159,-2,-8,-1,0,0,0,11,1
10,-4197,-2449,-3,-11,-1,0,0,0,4,1
11,-5036,-2335,-5,-13,-1,0,0,0,16,1
12,-5895,-2597,-2,-14,-1,0,-1,0,23,1
13,-4288,-1044,0,-12,-1,0,-1,0,31,1
14,-2097,-203,-2,-9,-2,0,-1,0,18,1
15,-258,1340,1,-7,-2,0,0,0,33,1
16,-1207,111,-1,-8,-2,0,0,0,21,1
17,-1709,-737,-1,-9,-2,0,0,0,17,1
18,-2100,-2088,-2,-11,-2,0,2,0,29,1
19,-2047,-1925,0,-11,-2,0,2,0,35,1
20,-737,205,-1,-9,-1,0,2,0,50,1
21,-1047,434,0,-7,-1,0,1,0,32,1
22,-325,100,0,-7,-1,0,2,0,32,1
23,-2263,-2201,-3,-10,-1,0,1,0,32,1
24,-3076,-4992,-5,-10,-1,0,0,0,40,1
25,-2688,-4321,-3,-9,-1,0,0,0,24,1
26,-2171,-4194,-5,-8,-2,0,0,0,23,1
27,1888,3545,2,-4,-2,1,0,0,27,1
28,3055,5887,2,-3,-2,1,0,0,48,1
29,4139,6954,5,-2,-2,1,1,0,77,1
30,5875,8620,4,1,-2,1,0,0,70,1
31,5135,8221,4,0,-1,1,0,1,77,1
32,3969,8330,4,1,-1,1,0,1,60,1
33,5551,10316,4,3,-1,1,2,1,71,1
0,0,0,0,0,0,0,0,0,0,1
1,0,0,0,0,0,0,0,0,0,1
2,-142,-415,0,0,0,0,0,0,-9,1
3,186,-118,0,1,0,0,0,0,-13,1
4,611,-457,-1,2,0,0,0,0,-19,1
5,502,-696,-2,2,0,0,0,0,-23,1
6,760,-175,-1,2,0,0,0,0,-17,1
7,1187,-65,-1,3,0,0,0,0,-21,1
8,1575,386,2,3,0,0,0,0,-10,1
9,1641,-253,-1,4,0,0,0,0,-34,1
10,2888,464,1,6,0,0,0,0,-28,1
11,3438,993,2,7,1,0,0,0,-28,1
12,5738,2627,3,10,1,0,1,0,-10,1
13,4955,1347,3,9,1,0,1,0,-22,1
14,7850,3680,1,12,1,0,2,0,-4,1
15,6137,1699,1,10,1,0,3,0,-21,1
16,6356,1450,1,11,1,0,3,0,-33,1
17,5686,-38,-1,9,1,0,5,0,-34,1
18,4684,-1093,1,8,2,0,4,0,-36,1
19,2709,-2231,-1,6,2,0,3,0,-43,1
20,2581,-1445,-1,5,2,0,3,0,-31,1
21,2242,-1767,-1,5,2,0,3,0,-44,1
22,3904,3893,3,7,2,0,3,0,-30,1
23,3342,2289,1,6,2,0,3,0,-38,1
24,8044,7684,6,11,3,0,5,2,-12,1
25,9216,9089,4,13,3,0,7,2,-19,1
26,9879,9817,5,14,3,0,7,2,-20,1
0,0,0,0,0,0,0,0,0,0,0
1,0,0,0,0,0,0,0,0,0,0
2,101,292,0,0,0,0,0,0,5,0
3,543,560,0,1,0,0,0,0,14,0
4,-13,-98,0,0,0,0,0,0,4,0
5,545,61,1,1,0,0,0,0,12,0
6,1737,1066,2,3,0,0,0,0,21,0
7,1563,669,1,3,0,0,0,0,19,0
8,2077,1008,1,4,-1,0,0,0,21,0
9,2649,1919,2,4,-1,0,0,0,32,0
10,1618,1019,2,2,-1,0,0,0,30,0
11,1637,1479,2,2,-1,0,0,0,29,0
12,1425,1310,1,1,-1,0,0,0,27,0
13,2099,1556,0,1,-2,0,1,0,32,0
14,2715,2838,0,1,-2,0,1,0,58,0
15,1918,1766,1,1,-2,0,1,0,53,0
16,1179,871,2,0,-2,0,1,0,42,0
17,2047,2955,1,2,-2,0,0,0,64,0
18,2621,2467,2,1,-2,0,2,0,61,0
19,131,-915,-1,-3,-3,0,1,0,50,0
20,69,-1055,-1,-3,-3,0,1,0,49,0
21,-1270,-6329,-5,-6,-3,0,1,0,44,0
22,1957,-2730,-2,-3,-3,0,1,0,62,0
23,2389,-2636,0,-3,-3,0,2,0,59,0
24,2321,-2916,-1,-3,-3,0,2,0,55,0
25,779,-5638,-3,-6,-4,0,2,0,42,0
26,2095,-4566,-3,-6,-4,0,2,0,62,0
27,1978,-4975,-4,-6,-4,0,2,0,51,0
28,132,-7802,-3,-10,-4,0,2,0,56,0
29,-2610,-13333,-8,-12,-4,-1,1,0,51,0
30,-4992,-15015,-11,-14,-4,-1,-1,-1,39,0
31,-6627,-17231,-10,-18,-4,-1,-2,-1,57,0
0,0,0,0,0,0,0,0,0,0,1
1,0,0,0,0,0,0,0,0,0,1
2,6,167,0,0,0,0,0,0,-1,1
3,-1127,-479,-1,-3,0,0,0,0,7,1
4,-368,62,-1,-2,0,0,0,0,11,1
5,-934,-568,-1,-3,0,0,0,0,-1,1
6,-1353,-653,-1,-5,0,0,0,0,4,1
7,-837,-390,0,-5,0,0,0,0,7,1
8,-1197,-794,-1,-6,-1,0,0,0,8,1
9,-1758,-832,-1,-7,-1,0,0,0,5,1
10,-2155,-1159,-2,-7,-1,0,0,0,-12,1
11,-2148,-1850,-1,-8,-1,0,0,0,-23,1
12,-1021,-1118,-1,-7,-1,0,0,0,-20,1
13,-1875,-1569,0,-8,-1,0,0,0,-23,1
14,-772,-400,1,-6,-1,0,0,0,-14,1
15,-1790,-1975,-1,-9,-2,0,1,0,-22,1
16,-1979,-1322,0,-8,-2,0,-1,0,-16,1
17,-1107,-2293,-2,-8,-2,0,0,0,-33,1
18,-2384,-4665,-4,-10,-2,0,0,0,-58,1
19,-3033,-5321,-5,-11,-2,0,0,0,-54,1
20,-2023,-2818,-1,-10,-2,0,0,0,-58,1
21,-1511,-3380,-4,-10,-1,0,0,0,-45,1
22,-1617,-3270,-4,-11,-1,0,0,0,-21,1
23,-496,-1138,0,-9,-1,0,-1,0,-16,1
24,-1001,23,-1,-11,-1,0,-1,0,-11,1
25,-987,-524,-1,-11,-1,0,-1,0,-21,1
26,2085,3860,3,-6,-1,0,0,0,-17,1
27,5119,9284,7,-5,0,1,1,0,1,1
28,5555,9774,6,-4,0,1,1,0,3,1
29,7802,11626,7,-1,0,1,4,1,0,1
0,0,0,0,0,0,0,0,0,0,1
1,5,0,0,0,0,0,0,0,0,1
2,73,203,0,0,0,0,0,0,4,1
3,48,198,0,0,0,0,0,0,6,1
4,691,694,1,1,0,0,0,0,13,1
5,276,-366,-1,1,0,0,0,0,-10,1
6,458,600,1,1,0,0,0,0,11,1
7,727,352,1,1,1,0,0,0,12,1
8,569,-131,1,1,1,0,0,0,4,1
9,1877,1152,1,4,1,0,0,0,17,1
10,2467,1328,2,5,1,0,0,0,22,1
11,2438,1386,0,5,1,0,0,0,21,1
12,2784,1029,1,6,1,0,0,0,26,1
13,4187,2733,1,9,2,0,0,0,43,1
14,3781,2898,1,9,2,0,0,0,46,1
15,3911,2748,3,9,2,0,1,0,60,1
16,1478,1696,1,7,2,0,0,0,66,1
17,1125,-81,1,7,2,0,0,0,56,1
18,3416,1070,0,8,1,0,2,0,61,1
19,2355,-109,-1,7,1,0,1,0,61,1
20,2162,108,0,7,1,0,1,0,61,1
21,704,-1767,-1,5,1,0,1,0,50,1
22,2086,305,0,7,1,0,2,0,55,1
23,4298,3166,3,10,1,0,2,0,74,1
24,3795,4875,4,10,2,0,2,0,49,1
25,4847,6364,4,11,2,0,2,0,61,1
26,6947,10955,7,12,2,1,2,0,68,1
27,10267,14957,8,16,2,1,4,0,92,1
28,11298,14707,8,15,2,1,6,2,107,1
29,11298,14707,8,15,2,1,6,2,107,1
0,0,0,0,0,0,0,0,0,0,1
1,0,0,0,0,0,0,0,0,0,1
2,62,190,0,0,0,0,0,0,5,1
3,-311,-246,0,-1,0,0,0,0,-5,1
4,-340,-125,0,-2,0,0,0,0,2,1
5,-288,-655,-1,-2,0,0,0,0,-13,1
6,-364,-883,-2,-2,0,0,0,0,-19,1
7,324,-353,1,-1,-1,0,0,0,-16,1
8,721,-214,0,0,-1,0,0,0,-24,1
9,1032,-245,0,1,-1,0,0,0,-32,1
10,1312,212,1,1,-1,0,0,0,-27,1
11,-592,-1494,-2,-1,-1,0,0,0,-43,1
12,-1301,-2269,-2,-2,-1,0,0,0,-45,1
13,-1331,-1999,-2,-1,-2,0,-1,0,-45,1
14,-444,-522,-2,0,-2,0,-1,0,-36,1
15,-1116,-785,-1,1,-2,0,-3,0,-49,1
16,-1130,-498,-2,1,-2,0,-3,0,-50,1
17,-540,-566,-1,2,-2,0,-3,0,-42,1
18,1684,2256,2,5,-3,0,-2,0,-31,1
19,3292,3177,3,6,-3,0,0,0,-30,1
20,2288,4317,4,4,-3,0,0,0,-21,1
21,2366,435,1,4,-3,0,0,0,-22,1
22,2132,-278,1,4,-3,0,0,0,-40,1
23,2959,1163,1,5,-3,0,0,0,-31,1
24,4009,1793,1,7,-3,0,0,0,-27,1
25,4298,1679,2,7,-2,0,0,0,-27,1
26,4873,2967,2,10,-2,0,0,0,-34,1
27,6303,5729,3,12,-2,0,0,0,-16,1
28,8772,10920,6,14,-2,1,0,0,-8,1
29,7461,10312,7,15,-2,1,0,0,-10,1
30,6922,7775,5,14,-2,1,1,0,-16,1
31,8380,10252,7,17,-1,1,1,0,-14,1
32,8084,10081,5,16,-1,1,1,0,2,1
33,5841,8731,4,16,-1,1,-1,-1,2,1
34,7307,11074,6,19,-1,1,-1,-1,-2,1
35,9988,15714,5,19,-1,2,-1,-1,35,1
36,12936,18362,8,22,-1,2,1,0,47,1
0,0,0,0,0,0,0,0,0,0,1
1,25,-40,0,0,0,0,0,0,1,1
2,21,25,0,0,0,0,0,0,2,1
3,-28,-386,-2,0,0,0,0,0,-3,1
4,-6,-508,0,0,0,0,0,0,-5,1
5,69,36,-1,0,0,0,0,0,4,1
6,467,-427,-1,1,0,0,0,0,-6,1
7,1842,-148,0,4,0,0,0,0,-12,1
8,1853,-120,0,4,0,0,0,0,-6,1
9,2356,-95,-1,5,0,0,0,0,-6,1
10,2576,-354,0,5,0,0,0,0,-2,1
11,3101,231,1,5,0,0,0,0,14,1
12,4672,1052,2,8,0,0,1,0,18,1
13,5236,1431,0,9,0,0,1,0,23,1
14,4099,466,1,9,0,0,0,0,10,1
15,5350,1351,1,10,0,0,1,0,24,1
16,3982,262,0,9,0,0,0,0,15,1
17,3011,-666,0,7,-1,0,0,0,23,1
18,3329,871,0,7,-1,0,0,0,36,1
19,3538,49,0,7,-1,0,0,0,45,1
20,4408,1,1,8,-1,0,1,0,42,1
21,3685,2098,2,7,-1,0,1,0,40,1
22,3842,1803,1,7,-1,0,1,0,41,1
23,2882,705,1,6,0,0,1,0,33,1
24,3398,1954,3,5,0,0,1,0,71,1
25,3029,1256,0,5,0,0,1,0,58,1
26,3678,2006,1,5,0,0,1,0,77,1
27,7338,7414,4,7,0,1,2,0,88,1
28,8658,8449,6,9,0,1,2,0,89,1
29,12958,12246,8,14,1,1,5,2,100,1
30,13360,12621,8,14,1,1,6,2,100,1
0,0,0,0,0,0,0,0,0,0,1
1,-455,-26,0,-1,0,0,0,0,0,1
2,-490,-129,0,-1,0,0,0,0,-4,1
3,-303,254,0,-1,0,0,0,0,7,1
4,-1021,-616,-1,-3,0,0,0,0,-6,1
5,-1190,-1081,-1,-3,0,0,0,0,-11,1
6,-1403,-1493,-4,-3,0,0,0,0,-24,1
7,-1165,-1391,-1,-3,0,0,0,0,-18,1
8,-598,-393,-1,-2,0,0,0,0,-16,1
9,115,136,-1,-1,0,0,0,0,-11,1
10,-1555,-976,0,-3,0,0,0,0,-26,1
11,-2361,-2400,-2,-4,0,0,0,0,-46,1
12,-1890,-1276,0,-4,-1,0,0,0,-22,1
13,-2491,-2082,-2,-5,-1,0,0,0,-37,1
14,-2978,-1932,-1,-6,-1,0,0,0,-42,1
15,-2352,-2406,-2,-5,-1,0,0,0,-52,1
16,-1928,-1467,0,-5,-1,0,0,0,-46,1
17,-2534,-1672,-1,-5,-1,0,-2,0,-50,1
18,511,1002,1,-2,-2,0,-1,0,-26,1
19,1594,-547,0,-2,-2,0,1,0,-51,1
20,3810,2511,3,2,-2,0,1,0,-33,1
21,3808,3299,2,3,-2,0,1,0,-58,1
22,3220,6166,5,3,-2,0,1,0,-64,1
23,2975,3991,2,2,-3,0,2,0,-74,1
24,1970,3243,2,0,-3,0,2,0,-67,1
25,2311,3623,3,0,-3,0,2,0,-60,1
26,2859,4309,4,2,-3,0,2,0,-70,1
27,5762,7604,4,6,-3,0,5,1,-75,1
28,5763,7604,4,6,-3,0,5,1,-75,1
